9479618,http://www.thedailygreen.com/healthy-eating/eat-safe/top-iron-sources-44111008,,2008-11-11 11:14:16,255,41,Top 10 Food Sources for Iron,Bukowsky,Food & Drink,Lifestyle
9503526,http://www.rd.com/advice-and-know-how/how-to-haggle-when-buying-a-car/article30784.html,,2008-11-12 16:10:45,252,26,10 'Haggle' Do's & Don'ts to Remember When Buying a Car,Burento,Autos,Lifestyle
9496223,http://news.bbc.co.uk/2/hi/entertainment/7723865.stm,,2008-11-12 08:51:43,86,9, Luhrmann's Australia 'unfinished',FennecFox,Movies,Entertainment
,,,,,,,,,
9498135,http://www.boston.com/bigpicture/2008/11/afghanistans_korengal_valley.html,,2008-11-12 10:42:09,227,36,Afghanistan's Korengal Valley (PICS),MrBabyMan,Travel & Places,Lifestyle
,,,,,,,,,
9489643,http://www.atheistcartoons.com/devil.jpg,,2008-11-11 23:32:44,387,80,Evil Little Atheist (PIC),KaiserArny,Comedy,Offbeat
9493751,http://news.bbc.co.uk/2/hi/uk_news/magazine/7722521.stm,,2008-11-12 06:21:13,201,54,Can you copyright a magic trick?,mageek,Television,Entertainment
9498559,http://www.infoworld.com/article/08/11/12/46FE-2009-it-career-survival-guide_1.html,,2008-11-12 11:07:15,213,23,The 2009 IT career survival guide,diggits12,Tech Industry News,Technology
9496288,http://apod.nasa.gov/apod/ap060117.html,,2008-11-12 08:55:07,252,30, A Roll Cloud Over Missouri  ,erichh,Environment,Science
9494164,http://www.dailymail.co.uk/sciencetech/article-1085059/Pictured-The-robot-pull-faces-just-like-human-being.html,,2008-11-12 06:53:33,303,76,The robot that can pull faces just like a human being,ScottMcIntyre,General Sciences,Science
9494200,http://arstechnica.com/news.ars/post/20081112-colombia-tests-olpc-laptops-running-windows-xp.html,,2008-11-12 06:55:29,183,68,Colombia tests OLPC laptops... running Windows XP,EmitStop,Microsoft,Technology
9496145,http://www.roadandtrack.com/article.asp?section_id=10&article_id=7238,,2008-11-12 08:47:06,556,144,The Hottest Mercedes...Ever?,Jabrams2,Autos,Lifestyle
9505258,http://www.catswhothrowupgrass.com/kill.php,,2008-11-12 18:27:50,1725,160,How To Tell If Your Cat Is Plotting To Kill You,sungoddess808,Comics & Animation,Entertainment
9503459,http://sports.espn.go.com/espn/page2/story?page=clemmons/081112&sportCat=nfl&lpos=spotlight&lid=tab8pos1,,2008-11-12 16:06:37,336,62,Quarterback Jake Plummer Leaves NFL. Committed to...Handball,openthink,American & Canadian Football,Sports
,,,,,,,,,
9495685,http://blog.wired.com/games/2008/11/browser-game-te.html,,2008-11-12 08:21:43,633,69,Browser Game: Tetris   Jenga = 99 Bricks,GamingForever,Playable Web Games,Gaming
9503174,http://redgreenandblue.org/2008/11/12/canada-fines-company-for-advocating-carpooling/,,2008-11-12 15:47:41,657,140,Canada Fines Company for Advocating Carpooling - WTF?? ,naturalpapa,Environment,Science
9499001,http://www.nbclosangeles.com/news/local/flushservices.html,,2008-11-12 11:34:55,880,204,Never Get an "Engine Flush" - Here's Why...,jboitnott,Autos,Lifestyle
9476454,http://edition.cnn.com/2008/WORLD/asiapcf/11/11/maldives.president/index.html,,2008-11-11 08:20:36,326,66,Maldives President Wants Entire Sinking Country Relocated!,pjosemroy,Environment,Science
9494191,http://i38.tinypic.com/25i2pmc.jpg,,2008-11-12 06:54:57,970,184,My Bank Actually Asked Me "Which Branch of TV" I Own [PIC],darkchild82,Odd Stuff,Offbeat
9477496,http://www.popularmechanics.com/technology/military_law/4291298.html,,2008-11-11 09:17:48,407,35,The Secret War For Air Supremacy,sungoddess808,People,Offbeat
9499652,http://bleacherreport.com/articles/80179-epic-failures-top-10-busts-of-the-bcs-era,,2008-11-12 12:14:19,239,39,The 10 Biggest Busts of the BCS Era,diggleague,American & Canadian Football,Sports
9501828,http://io9.com/5083621/five-ways-to-hit-on-aliens,,2008-11-12 14:20:48,283,55,Five Ways to Hit on Aliens,irfanmp,Movies,Entertainment
9487304,http://www.pwnordie.com/videos/ebe712f3b5/mortal-kombat-vs-dc-universe-mortal-monday-trailer-2-featuring-the-joker-from-midwaygames,,2008-11-11 20:05:04,635,84,MK vs. DC Trailer Shows Joker Storyline/Gameplay,badwithcomputer,Gaming Industry News,Gaming
9487131,http://abcnews.go.com/Technology/story?id=6225991&page=1,,2008-11-11 19:51:10,843,159,Bush Spy Revelations Anticipated When Obama Is Sworn In,nomadspartan,World News,World & Business
9482213,http://blog.wired.com/wiredscience/2008/11/a-new-spin-on-t.html,,2008-11-11 13:47:12,305,21,Origin of Hair Theory Gets Roots Retouched,Spielbergo,General Sciences,Science
,,,,,,,,,
9497591,http://www.westword.com/slideshow/view/184553,,2008-11-12 10:07:51,433,55,007 Women Who Could Make Great Bond Girls ,philostrato,Movies,Entertainment
9495071,http://www.maclife.com/article/reviews/ohmibod_naughtibod,,2008-11-12 07:49:56,664,110,iPod vibrator?  Yes,,,
9502089,http://blogs.houstonpress.com/hairballs/2008/11/bond_nonvillain_deaths.php,,2008-11-12 14:36:27,349,25,James Bond's Best 5 Non-Villain Deaths,IvanB,Movies,Entertainment
9498775,http://mashable.com/2008/11/12/how-to-convert-videos-for-your-iphone-or-any-mobile-device/,,2008-11-12 11:20:55,475,61,How To Convert Videos for Your iPhone,Tychee,Apple,Technology
9487604,http://venturebeat.com/2008/11/11/revenue-search-continues-as-facebook-and-linkedin-employee-stock-sale-begins/,,2008-11-11 20:29:43,314,27,Revenue search continues,,,
9486586,http://upload.wikimedia.org/wikipedia/commons/4/45/The_Drunkard's_Progress_-_B%26W.jpg,,2008-11-11 19:10:37,1031,161,Don't Do Drugs,gamebittk,Odd Stuff,Offbeat
9490837,http://sports.espn.go.com/nba/dailydime?page=dime-081112,,2008-11-12 01:41:03,225,48,Lakers and Hawks Remain Undefeated,badwithcomputer,Basketball,Sports
9488135,http://thefutureofthings.com/news/5739/25gb-in-70-seconds-with-usb-3-0.html,,2008-11-11 21:17:39,1528,242,25GB in 70 seconds with USB 3.0,mark076h,Hardware,Technology
9489359,http://www.theage.com.au/news/technology/computer-can-crunch-a-quadrillion-calculations-per-second/2008/11/12/1226318706512.html,,2008-11-11 23:06:06,498,114,Computer can crunch a quadrillion calculations per second ,anderzole,Hardware,Technology
9498701,http://www.nydailynews.com/lifestyle/2008/11/12/2008-11-12_new_golf_club_improves_flow_of_the_game_.html,,2008-11-12 11:16:32,226,46,New Golf Club Improves the Flow of the Game (It's a Urinal!),jaybol,Golf,Sports
9495900,http://voices.washingtonpost.com/securityfix/2008/11/major_source_of_online_scams_a.html,,2008-11-12 08:32:08,884,85,Washington Post Blog Shuts Down 75% of Online Spam,guyro,Security,Technology
9495855,http://abcnews.go.com/TheLaw/wireStory?id=6235098,,2008-11-12 08:29:50,1124,199,Gay Couples Can Start to Marry in Connecticut.,BrokebackCasket,World News,World & Business
9499435,http://blog.indecision2008.com/2008/11/12/bill-oreilly-to-address-the-daily-shows-confederacy-of-slackers/,,2008-11-12 12:01:12,743,125,Bill O'Reilly to Appear on The Daily Show With Jon Stewart,Kavalier,Television,Entertainment
9497817,http://www.newscientist.com/article/dn16016-why-fertile-women-hate-a-pretty-face.html,,2008-11-12 10:21:16,564,127,Why fertile women hate a pretty face ,Michaelabehsera,General Sciences,Science
9487086,http://fc06.deviantart.com/fs34/f/2008/312/d/2/Fleur_D__apo_by_mynameishalo.jpg,,2008-11-11 19:47:07,1646,309,What a Flower Looks Like if You're on LSD.. [PIC],MakiMaki,Odd Stuff,Offbeat
9468583,http://www.collegehumor.com/article:1764710,,2008-11-10 20:07:36,4813,249,The Facebook of Genesis (God's Facebook Wall),jaybol,Comedy,Offbeat
9496424,http://lbrandy.com/blog/wp-content/uploads/2008/10/jpg_vs_png.png,,2008-11-12 09:01:34,3884,534,PNG vs JPEG,llama5492,Comedy,Offbeat
,,,,,,,,,
9480936,http://www.networkworld.com/community/node/35113,,2008-11-11 12:34:15,425,72,It sure sucks being 'synergy-related headcount restructured',nahsrocketeer75,Business & Finance,World & Business
9488929,http://www.upi.com/Top_News/2008/11/12/Girls_allegedly_poisoned_rivals_treats/UPI-20531226467268/,,2008-11-11 22:28:20,781,165,School Cheerleader Girls allegedly poisoned rivals' treats,bluenile,People,Offbeat
9493913,http://www.guardian.co.uk/film/filmblog/2008/nov/12/the-dark-knight-batman-christian-bale-heath-ledger,,2008-11-12 06:35:24,496,47,Three exclusive clips from The Dark Knight DVD,chemicalsynapse,Movies,Entertainment
9496539,http://d.imagehost.org/0962/34pc6bn.jpg,,2008-11-12 09:08:44,1879,165,OM NOM NOM,llama5492,Comedy,Offbeat
9493519,http://www.cracked.com/article_16767_6-most-unintentionally-hilarious-old-school-psas.html,,2008-11-12 06:05:11,620,57,The 6 Most Unintentionally Hilarious Old School PSAs ,SirPopper,Movies,Entertainment
9498132,http://weblogs.redeyechicago.com/showpatrol/2008/11/arrested-develo.html,,2008-11-12 10:41:52,3792,498,'Arrested Development' Movie Is On!,jcgreenx,Movies,Entertainment
9497720,http://www.ipodnn.com/articles/08/11/12/google.iphone.optimization/,,2008-11-12 10:14:59,519,31,Google optimizes search results for iPhone,Tychee,Apple,Technology
9485641,http://www.youtube.com/watch?v=uYIX7RVzXOY,,2008-11-11 17:53:11,282,23,Weird Science: The Top Five Odd Robots,chemicalsynapse,Gadgets,Technology
9485961,http://www.telegraph.co.uk/scienceandtechnology/science/sciencenews/3441008/Scientists-call-for-urgent-testing-of-health-implications-of-nanoparticles.html,,2008-11-11 18:19:33,349,35,Scientists urge test as health implications of nanoparticles,albyliontk,Environment,Science
9485303,http://blog.wired.com/cars/2008/11/gm-and-ford-may.html,,2008-11-11 17:27:23,561,200,Detroit Is Tanking, Too,KaiserArny,Business & Finance
9497547,http://www.escapistmagazine.com/videos/view/zero-punctuation/346-Fable-2,,2008-11-12 10:05:49,2310,231,Zero Punctuation: Fable 2,Lowlypeon,Xbox,Gaming
9484411,http://kotaku.com/5083476/sf-giants-ace-announced-for-2k9-cover,,2008-11-11 16:17:46,248,65,SF Giants' Tim Lincecum Announced for MLB 2K9 Cover,badwithcomputer,Baseball,Sports
9494306,http://video.mpora.com/watch/qZ8eXazjq/,,2008-11-12 07:03:55,723,111,Snowboarding Mental Mutha F**ka,kingthomas,Extreme,Sports
9482647,http://www.flameup.com/life/My_Boyfriend_won_t_quit_World_of_Warcraft_45678,,2008-11-11 14:20:02,1299,580,6 Reasons Why I Hate the World of Warcraft,extravagant,Odd Stuff,Offbeat
9493700,http://www.youtube.com/watch?v=PXG74PFs4N8,,2008-11-12 06:17:10,818,187,There Are Late Hits .. Then There Is This One,diggleague,American & Canadian Football,Sports
9487290,http://www.firstshowing.net/2008/11/10/it-never-stops-six-more-beautiful-watchmen-posters/,,2008-11-11 20:03:55,588,91,It Never Stops - Six More Beautiful Watchmen Posters!,nomadspartan,Movies,Entertainment
9484529,http://current.com/items/77544721/sex_slave_art.htm,,2008-11-11 16:26:58,631,154,Sex Slave Art: campaign against sex trafficking,lazycat,Arts & Culture,Lifestyle
9473091,http://www.sciencedaily.com/releases/2008/11/081110181811.htm,,2008-11-11 03:38:22,336,30,Bacteria In Mouth Help Make Certain Foods Tasty,upick,Food & Drink,Lifestyle
9485395,http://www.huffingtonpost.com/frank-schaeffer/sarah-palin-will-never-be_b_143036.html,,2008-11-11 17:34:30,2433,582,Sarah Palin Will Never Be President -- Trust Me,booksnmore4you,Political Opinion,World & Business
9486773,http://io9.com/5083673/princeton-scientists-discover-proteins-that-control-evolution,,2008-11-11 19:24:50,551,84,Princeton Scientists Discover Proteins to Control Evolution,msaleem,General Sciences,Science
9481371,http://news.cnet.com/8301-1009_3-10093699-83.html?part=rss,,2008-11-11 13:00:50,476,49,Study: DDoS attacks threaten ISP infrastructure,brainnovate,Security,Technology
9483365,http://cleantechnica.com/2008/11/11/utilities-testing-solar-thermal-tech-at-traditional-power-plants/,,2008-11-11 15:07:50,415,30,Utilities Testing Solar Thermal At Traditional Power Plants,insaincain02,Environment,Science
9481683,http://www.newscientist.com/gallery/dn15139-science-supermachine-scrapyard/1,,2008-11-11 13:16:45,391,14,Gallery - Science supermachines in the scrapyard ,lekahe,Arts & Culture,Lifestyle
9487186,http://nettuts.com/articles/web-roundups/are-you-making-these-10-css-mistakes/,,2008-11-11 19:56:13,1063,109,Are You Making These 10 CSS Mistakes? ,MakiMaki,Design,Technology
9486409,http://i35.tinypic.com/svl6hu.jpg,,2008-11-11 18:56:23,1042,114,Gorgeous Aerial View of the Island Bora Bora [PIC],MakiMaki,Travel & Places,Lifestyle
9485673,http://www.youtube.com/watch?v=Z3KM-tAiXew,,2008-11-11 17:55:18,465,80,Mortal Kombat vs. DC Universe - Ultimate Mash Up Trailer,primalsteel,Gaming Industry News,Gaming
9484508,http://www.dailymail.co.uk/tvshowbiz/article-1084470/Mama-dont-preach-Madonna-lets-Guy-boys--12-conditions.html,,2008-11-11 16:25:29,809,236,Madonna's 12 Insane Rules for Letting Guy Ritchie Visit Kids,badwithcomputer,Celebrity,Entertainment
9465712,http://blogs.discovermagazine.com/sciencenotfiction/2008/11/10/10-best-post-apocalypses/,,2008-11-10 16:06:19,600,150,10 Best Post-Apocalypses,MrBabyMan,Movies,Entertainment
9479411,http://online.wsj.com/article/SB122636396312315757.html,,2008-11-11 11:02:19,403,35,,Mining for Dark Matter,, Scientists Go "Wimp-Hunting",,oboy,Space,Science
9480189,http://fora.tv/2008/08/19/Environmentalism_is_the_New_Religion,,2008-11-11 11:46:35,1005,595,Environmentalism is the new religion,WriterSD,Environment,Science
9476850,http://www.youtube.com/watch?v=AfJunZu22VU,,2008-11-11 08:42:08,2007,476,Let's Get Rid of Lieberman Once and for All,zackypharms,Political News,World & Business
9473388,http://www.telegraph.co.uk/sport/tennis/3416426/Roger-Federer-suffers-surprise-loss-to-Gilles-Simon-at-Masters-Cup-in-Shanghai-Tennis.html,,2008-11-11 04:10:49,230,42,Roger Federer Suffers Surprise Loss to Gilles Simon at Maste,Sanduu,Tennis,Sports
9491061,http://www.dailymail.co.uk/news/worldnews/article-1084877/Record-snow-falls-Europe-North-America-mean-ski-resorts-open-early.html,,2008-11-12 02:01:34,361,104,Snowfalls in Europe & North US mean ski resorts open early ,kevinlouis,Other Sports,Sports
9480124,http://gizmodo.com/5083320/att-iphone-tethering-to-cost-30month,,2008-11-11 11:42:46,658,225,AT&T iPhone Tethering to Cost $30/month?,Sanduu,Apple,Technology
9466197,http://planetsave.com/blog/2008/11/10/australian-activists-temporarily-shut-down-power-plant-to-stop-greenhouse-gas-emissions/,,2008-11-10 16:44:35,458,81,Aussie Activists Cause Coal Plant Evacuation and Shut Down,AFelsinger,World News,World & Business
9488829,http://www.shredordie.com/videos/cb558cf012,,2008-11-11 22:20:04,308,49,Bams Or Bust: The Adventure Begins,louiebaur,Extreme,Sports
9484667,http://www.newsdaily.com/stories/tre4aa7bz-us-singers/,,2008-11-11 16:37:10,346,98,NewsDaily: Aretha Franklin greatest singer in rock era: poll,BeShirtHappy,Music,Entertainment
9482940,http://hothardware.com/News/SGI-Helps-Keep-Nuclear-Weapons-Stockpile-Safe/,,2008-11-11 14:41:43,338,37,SGI Helps Keep U.S. Nuclear Weapons Stockpile Safe,granolajoe,Hardware,Technology
9477045,http://science.howstuffworks.com/agent-orange.htm,,2008-11-11 08:52:45,784,111,How Agent Orange Worked ,hdar3415,Health,Lifestyle
9484375,http://fizzlechat.com/2008/11/11/raid-explained/,,2008-11-11 16:15:09,1659,234,The Simplest Explanation of RAID Ever.,flashbangseer,Hardware,Technology
9488664,http://apod.nasa.gov/apod/ap081112.html,,2008-11-11 22:06:39,535,36,APOD - Phoenix and the Holy Cow,moredown,Space,Science
9488062,http://notsonoisy.com/transformers/01/transformers01b3_8254carre_web.jpg,,2008-11-11 21:09:41,1929,123,Transformers: Parking Lot,gamebittk,Arts & Culture,Lifestyle
9489213,http://www.rocksolidarcade.com/games/robokill/,,2008-11-11 22:52:36,3858,318,Robokill is the best game in the history of flash games!,pavelmah,Playable Web Games,Gaming
9484616,http://www.cio.com/special/slideshows/famous_tech_names/index#slideshow,,2008-11-11 16:33:44,976,72,How 10 Famous Technology Products Got Their Names,msaleem,Gadgets,Technology
9477891,http://www.physorg.com/news145621013.html,,2008-11-11 09:38:01,475,50,Optical illusions: caused by eye or brain?,msaleem,General Sciences,Science
9483117,http://www.cnn.com/2008/CRIME/11/11/obama.gun.sales/index.html?iref=mpstoryview,,2008-11-11 14:52:56,1673,1381,Gun sales surge after Obama's election,BrokebackCasket,Business & Finance,World & Business
9478338,http://gizmodo.com/5083179/23-personal-huds-that-would-make-all-of-our-lives-easier,,2008-11-11 10:03:11,549,22, 23 Personal HUDs That Would Make All of Our Lives Easier,mklopez,Design,Technology
9483189,http://i37.tinypic.com/kb2bth.jpg,,2008-11-11 14:57:15,1587,138,Superman Gets Detention,gamebittk,Comedy,Offbeat
9475172,http://www.chron.com/disp/story.mpl/front/6104542.html,,2008-11-11 06:56:46,421,70,Adolescent Elephant at Houston Zoo Dies of "Elephant Herpes",Bukowsky,Pets & Animals,Offbeat
9481150,http://hothardware.com/articles/Overclocked-Radeon-HD-4870-X2-ShootOut-ASUS-MSI/,,2008-11-11 12:47:27,394,44,Overclocked Radeon HD 4870 X2 Shoot-Out,AmyVernon,Hardware,Technology
9462844,http://io9.com/5081506/the-best-real+life-science-fictional-inventions-of-2008,,2008-11-10 12:49:51,435,15,The Best Real-Life Science Fictional Inventions of 2008,insaincain02,Gadgets,Technology
9464320,http://www.delish.com/recipes/cooking-recipes/hangover-remedies?GT1=47004,,2008-11-10 14:28:47,439,93,6 Surefire Recipes For Hangover Relief,insaincain02,Health,Lifestyle
9485003,http://www.thedailygreen.com/living-green/blogs/recycling-design-technology/detox-foot-pads-461108,,2008-11-11 17:04:20,415,110,Can Detox Foot Pads REALLY Make You Feel Better?,Bukowsky,Health,Lifestyle
9474768,http://www.techradar.com/news/software/operating-systems/7-ways-to-make-your-pc-look-like-a-mac-483798?src=rss&attr=all,,2008-11-11 06:27:32,522,164,7 ways to make your PC look like a Mac,TalSiach,Apple,Technology
9487418,http://gizmodo.com/5083116/iphone-22-release-just-10-days-away,,2008-11-11 20:13:06,616,63,Rumor:  iPhone 2.2 Release Just 10 Days Away,hsinray,Apple,Technology
9486592,http://blog.wired.com/underwire/2008/11/was-george-carl.html,,2008-11-11 19:11:02,1215,135,Was George Carlin Our Mark Twain? Comedy Greats Say Yes,Spielbergo,Arts & Culture,Lifestyle
9482055,http://www.telegraph.co.uk/health/article3432991.ece,,2008-11-11 13:37:35,348,110,Fat parents could be paid to walk their children to school,vick3ii,Health,Lifestyle
9470681,http://www.youtube.com/watch?v=9u_3-o2JMng,,2008-11-10 23:18:24,310,67,OUCH! - Minnesota Vikings Charles Gordon Injury [video],HeDiggMe,American & Canadian Football,Sports
9484753,http://farm4.static.flickr.com/3046/3020917214_152332f2c5_o.png,,2008-11-11 16:44:06,1481,353,Some things shouldn't be put to a vote,llama5492,Odd Stuff,Offbeat
9487145,http://www.upi.com/Science_News/2008/11/11/Blind_NASA_engineer_solves_Russian_problem/UPI-93131226440046/,,2008-11-11 19:52:22,514,51,Blind NASA Engineer Solves Russian Problem,sungoddess808,Space,Science
9484908,http://www.vulomedia.com/images/95887hxUS7SCJ1ayR.jpg,,2008-11-11 16:56:03,3417,314,Oh! This looks like a good place to sleep!,petefic,Pets & Animals,Offbeat
,,,,,,,,,
9485575,http://www.theonion.com/content/news/international_con_man_barack_obama,,2008-11-11 17:48:39,958,140,Int'l Con Man Obama Leaves U.S. With $85 Mil in Fundraising,MrBabyMan,Comedy,Offbeat
9485026,http://www.appleinsider.com/articles/08/11/11/149_costco_iphone_rumor_5_itunes_movies_gmail_av_chat.html,,2008-11-11 17:05:44,526,43,$149 Costco iPhone rumor, Gmail AV chat,albyliontk,Apple
9467220,http://news.bbc.co.uk/1/hi/sci/tech/7686622.stm,,2008-11-10 18:06:40,325,16,'Super-microscope' opens at Isis,albyliontk,General Sciences,Science
9477926,http://www.therealright.com/blog/content/id_37837/title_GOP-Congressman-Paid-Own-Business-45k-in-Campaign-Cash-/,,2008-11-11 09:39:58,1260,164,GOP Congressman Paid Own Business $45k in Campaign Cash,jdrexel,US Elections 2008,World & Business
9459536,http://www.appleinsider.com/articles/08/11/10/microsoft_plans_to_embrace_apples_app_store_format.html,,2008-11-10 09:35:39,394,102,Microsoft plans to embrace Apple's App Store format,albyliontk,Apple,Technology
9473758,http://kotaku.com/5082852/watch-15-minutes-of-left-4-dead,,2008-11-11 04:50:42,578,139,Watch 15 Minutes of Left 4 Dead,badwithcomputer,Xbox,Gaming
9488613,http://www.xkcd.com/503/,,2008-11-11 22:02:04,2310,330,Terminology [XKCD],clearlychris,Comics & Animation,Entertainment
9480215,http://www.edibleapple.com/rumor-iphone-22-update-coming-november-21/,,2008-11-11 11:48:00,595,71,iPhone 2.2 update scheduled to drop on November 21,anderzole,Apple,Technology
9461566,http://news.bbc.co.uk/2/hi/europe/7720049.stm,,2008-11-10 11:28:45,640,75, Mystery of lost US nuclear bomb,hdar3415,World News,World & Business
9472365,http://world360.youngester.com/2008/11/north-pole-with-no-ice.html,,2008-11-11 02:16:04,491,104,North Pole With No Ice,kevinlouis,Environment,Science
9480161,http://www.insidecrm.com/features/businesses-started-slump-111108/,,2008-11-11 11:45:09,468,22,14 Big Businesses That Started Off In A Slump,Bukowsky,Business & Finance,World & Business
9478966,http://www.asylum.com/2008/11/11/defacing-currency-as-a-means-of-self-expression/,,2008-11-11 10:36:56,704,76,Cash Trashing -- Defacing Currency as Self-Expression (PICS),MrBabyMan,Arts & Culture,Lifestyle
9477163,http://www.cnn.com/2008/LIVING/11/11/acevedo.pow/index.html,,2008-11-11 08:59:50,1314,238,WW II vet held in Nazi slave camp breaks silence: 'Let it be,navcat,World News,World & Business
9477659,http://revision3.com/blog/2008/11/10/revision3-announces-record-results-for-2008/,,2008-11-11 09:26:19,1261,156,REVISION3 ANNOUNCES RECORD RESULTS FOR 2008,chudiggs,Tech Industry News,Technology
9459487,http://www.treehugger.com/files/2008/11/7-overrated-technologies-and-their-underrated-alternatives.php,,2008-11-10 09:32:52,552,71,7 Overrated Technologies and Their Underrated Low-Tech Alts,netgeek06,Tech Industry News,Technology
9468585,http://news.cnet.com/2300-11397_3-6247595-1.html?part=rss,,2008-11-10 20:07:55,347,31,Phoenix Lander's life on Mars (and Earth) [pics],brainnovate,Space,Science
9484958,http://1.bp.blogspot.com/_CD0JETuihEE/SRitMQdRsDI/AAAAAAAAD3M/Nw5TuVeywQQ/s1600-h/neuron-galaxy.jpg,,2008-11-11 17:00:13,1972,353, Structure of brain cell and Universe almost identical (pic),ScottMcIntyre,General Sciences,Science
9485352,http://news.yahoo.com/s/ap/20081112/ap_on_re_us/klan_slaying,,2008-11-11 17:31:05,1763,489,Police: Woman slain as she tried to leave KKK rite,KaiserArny,World News,World & Business
9477763,http://www.collegehumor.com/video:1889404,,2008-11-11 09:31:19,633,79,Ignored Netflix Movies Fight Back,stephcv,Movies,Entertainment
9471679,http://arstechnica.com/journals/apple.ars/2008/11/11/parallels-desktop-4-0-gets-a-50-percent-speed-boost-over-3-0,,2008-11-11 01:02:31,567,77,Parallels Desktop 4.0 gets a 50 percent speed boost over 3.0,SirPopper,Apple,Technology
9483371,http://vault.sportsillustrated.cnn.com/vault/gallery/featured/GAL1139563/1/14/index.htm,,2008-11-11 15:08:18,655,152,Most Difficult Things To Do In Sports [PICS],openthink,Other Sports,Sports
9461239,http://www.msnbc.msn.com/id/27646297/,,2008-11-10 11:11:37,443,25,Two new 'flying lemur' species identified ,Surferess,Pets & Animals,Offbeat
9470822,http://img.photobucket.com/albums/v412/NIK282000/Misc/1223512827678.jpg,,2008-11-10 23:32:26,4719,472,That's What She Said  ,kineticworm,Comedy,Offbeat
9484633,http://img.timeinc.net/time/cartoons/20080926/cartoons_01.jpg,,2008-11-11 16:34:55,2098,73,U.S. Community Chest,llama5492,Comedy,Offbeat
9478468,http://arstechnica.com/news.ars/post/20081111-isps-talk-back-about-australias-non-optional-filtering-planaustralian-isps-pan-government-mandated-net-filtering-plan.html,,2008-11-11 10:09:18,777,165,Australian ISPs pan government-mandated 'Net filtering plan,msaleem,Tech Industry News,Technology
9473537,http://www.physorg.com/news145603651.html,,2008-11-11 04:27:18,500,61,Japan scientists say pot plants may one day absorb toxic gas,lekahe,Health,Lifestyle
9482793,http://sportsillustrated.cnn.com/multimedia/photo_gallery/0811/DrZ.sackers.21stcentury/content.1.html,,2008-11-11 14:31:16,291,58,The Top NFL Sackers (2000-2008),skored,American & Canadian Football,Sports
9478134,http://inventorspot.com/articles/mcdonalds_japan_goes_nobrand_with_quarter_pounder_shops_19505,,2008-11-11 09:51:50,1697,287,McDonalds Japan Goes No-Brand with Quarter Pounder Shops,WordsnCollision,Business & Finance,World & Business
9483304,http://googleblog.blogspot.com/2008/11/tracking-flu-trends.html,,2008-11-11 15:04:45,737,104,Google is now tracking Flu trends!,bianconeri4ever,Health,Lifestyle
9468500,http://www.1up.com/do/feature?cId=3170607,,2008-11-10 19:59:54,454,78,Top 5 Video Game Themed Beverages,GamingForever,Gaming Industry News,Gaming
9473814,http://abcnews.go.com/Business/wireStory?id=6194738,,2008-11-11 04:56:11,634,108,ABC News: Taxpayers May Pay Legal Bills for Mortgage Execs,thadroe,Business & Finance,World & Business
9479443,http://news.nationalgeographic.com/news/2008/11/photogalleries/marine-life-census-photos/index.html,,2008-11-11 11:04:02,710,62,New Deep-Sea Species Revealed by Marine Census [PICS],MakiMaki,Environment,Science
9467443,http://www.dailymail.co.uk/health/article-1084647/The-spray-perk-love-life.html,,2008-11-10 18:26:21,400,96,The spray that could perk up your love life,ScottMcIntyre,Health,Lifestyle
9464115,http://www.dailymail.co.uk/news/article-1084531/Heart-defect-girl-13-won-battle-allow-die-dignity-lose-dying-wish-Disneyland-trip.html,,2008-11-10 14:13:14,779,211,Heart defect girl who won battle to die may lose Disney trip,ScottMcIntyre,People,Offbeat
9482881,http://www.smashingmagazine.com/2008/11/11/newspaper-website-design-trends-and-examples/,,2008-11-11 14:38:19,535,24,Newspaper Website Design: Trends And Examples,prakashthapa,Design,Technology
9453226,http://speckyboy.com/2008/11/09/17-productive-photoshop-cheatsheets-and-reference-cards-to-download-for-free/,,2008-11-10 00:44:39,1080,16, 17 Free Photoshop Cheatsheets and Reference Cards,ScottMcIntyre,Design,Technology
9478881,http://www.networkworld.com/slideshows/2008/111108-amazing-ruby.html,,2008-11-11 10:32:39,708,64,15 amazing Web apps built in 48 hours [slideshow] ,Julie188,Design,Technology
9470340,http://www.sciencedaily.com/releases/2008/11/081110154042.htm,,2008-11-10 22:48:46,320,29,Web-spinning Spiders And 'Wannabe Butterflies' Head To Space,sungoddess808,Space,Science
9481549,http://news.cnet.com/8301-17939_109-10093175-2.html,,2008-11-11 13:09:45,2319,180,Google launches video chat for Gmail,DigSomeMore,Tech Industry News,Technology
9482939,http://digitallabz.com/blogs/18-rules-the-best-web-developers-follow.html,,2008-11-11 14:41:42,834,92,18 Rules the Best Web Developers Follow,stachesnmullets,Design,Technology
9481924,http://arstechnica.com/journals/apple.ars/2008/11/11/itunes-store-finally-gets-a-bargain-bin-for-movies,,2008-11-11 13:31:04,991,103,iTunes Store Finally Gets A Bargain Bin For Movies,pirlok,Apple,Technology
9467222,http://blog.wired.com/gadgets/2008/11/four-future-gad.html,,2008-11-10 18:06:44,870,69,Six Future Gadgets That Minority Report Predicted Correctly ,MrBabyMan,Gadgets,Technology
9469238,http://www.guardian.co.uk/science/2008/nov/11/drugs-drugsandalcohol,,2008-11-10 21:08:14,583,120,Scientists discover gene for cocaine addiction,redwolfwalker,General Sciences,Science
9476963,http://www.telegraph.co.uk/earth/earthnews/3418281/Atlantic-sharks-face-extinction-due-to-overfishing-and-shark-finning.html,,2008-11-11 08:48:25,578,109,Atlantic sharks facing extinction,hantata,Environment,Science
9469681,http://xs233.xs.to/xs233/08461/plentyofroom418.png,,2008-11-10 21:44:52,3991,409,There's Plenty of Room For All God's Creatures... [PIC],gamebittk,Comedy,Offbeat
9468063,http://www.1up.com/do/newsStory?cId=3171196,,2008-11-10 19:22:05,363,60,MotorStorm's Target Render "Pissed Us Off A Lot" Says Devs,badwithcomputer,PlayStation,Gaming
,,,,,,,,,
9466787,http://uk.reuters.com/article/lifestyleMolt/idUKTRE4A97H820081110?rpc=64,,2008-11-10 17:31:44,897,210,Peru offers bald dog of Incas to Obama family,AFelsinger,Pets & Animals,Offbeat
9469890,http://apod.nasa.gov/apod/ap081111.html,,2008-11-10 22:05:31,412,13,APOD: The Cosmic Web of the Tarantula Nebula  ,SirPopper,Space,Science
9481317,http://www.appleinsider.com/articles/08/11/11/apple_may_turn_to_carbon_fiber_for_lighter_macbook_air.html,,2008-11-11 12:57:14,755,141,Apple may turn to carbon fiber for lighter MacBook Air,albyliontk,Apple,Technology
9477701,http://www.premiere.com/best/4821/10-movies-that-make-us-wanna-smoke.html,,2008-11-11 09:27:58,617,117,10 Movies that Make us Wanna Smoke,Jabrams2,Movies,Entertainment
9466191,http://www.theonion.com/content/video/youtube_contest_challenges_users,,2008-11-10 16:44:05,1098,90,YouTube Contest Challenges Users To Make A 'Good' Video,MrBabyMan,Comedy,Offbeat
9461809,http://www.thrfeed.com/2008/11/cleveland-pushe.html,,2008-11-10 11:42:26,465,78,Arianna Huffington Joins Cast Of 'Cleveland' As Talking Bear,bixby1,Television,Entertainment
9474409,http://www.cracked.com/article_16765_5-ways-stop-trolls-from-killing-internet.html,,2008-11-11 05:58:05,1143,240,5 Ways to Stop Trolls From Killing the Internet,insaincain02,Comedy,Offbeat
,,,,,,,,,
9462958,http://www.sciam.com/slideshow.cfm?id=volcano-letting-off-steam&ec=su_volcanosteam,,2008-11-10 12:57:52,468,42,Volcanoes: Nature's Way of Letting Off Steam (PICS),jaybol,Environment,Science
,,,,,,,,,
9472570,http://www.upi.com/Odd_News/2008/11/10/Parrot_credited_with_choking_tot_rescue/UPI-70501226354583/,,2008-11-11 02:39:52,563,80,Parrot Credited With Choking Tot Rescue,sungoddess808,Pets & Animals,Offbeat
9476895,http://www.popularmechanics.com/technology/military_law/4290914.html,,2008-11-11 08:44:34,863,155,The 6 Most Lethal Aircraft in History,AmyVernon,Gadgets,Technology
9468451,http://www.appleinsider.com/articles/08/11/10/orange_france_promo_to_cut_iphone_3g_price_to_99_euros.html,,2008-11-10 19:53:53,426,48,Orange France promo to cut iPhone 3G price to 99 euros,DigSomeMore,Apple,Technology
,,,,,,,,,
9469706,http://www.eurekalert.org/pub_releases/2008-11/nyph-fto111008.php,,2008-11-10 21:47:09,313,10,Gene Therapy for Heart Failure Shows Promising Results,sungoddess808,Health,Lifestyle
9464057,http://www.triplepundit.com/pages/obamas-energy-plan-will-cater-to-green-c.php,,2008-11-10 14:09:46,782,93,Obama's Energy Plan Will Cater To Green Investors ,tbhurst,Business & Finance,World & Business
9464474,http://www.dailytech.com/60+Minutes+Catches+American+Tech+Trash+Firm+RedHanded/article13393.htm,,2008-11-10 14:39:15,1381,122,60 Minutes Catches American Tech Trash Firm Red-Handed,insaincain02,World News,World & Business
9478028,http://gizmodo.com/5083127/homemade-wasp-sucking-machine-creates-a-wasp-holocaust,,2008-11-11 09:45:39,1849,231,The Ultimate Bug Bomb,casspa,General Sciences,Science
9476208,http://www.linuxdevices.com/news/NS5185504436.html?kc=rss,,2008-11-11 08:04:42,1015,130,Linux Boots In 2.97 Seconds!,upick,Linux/Unix,Technology
9467640,http://www.vulomedia.com/images/25464truckfirezp5.jpg,,2008-11-10 18:47:18,5669,485,Thats what you get douchebag,petefic,Comedy,Offbeat
9476335,http://sports.espn.go.com/espn/page2/story?page=hruby/081110,,2008-11-11 08:13:19,507,43,14 Reasons (Not) to Become a Professional Foosball Player,diggleague,Other Sports,Sports
9468118,http://io9.com/5081605/20-classic-toys-that-arent-movies-yet,,2008-11-10 19:26:03,492,83,20 Classic Toys That Aren't Movies (Yet),badwithcomputer,Movies,Entertainment
9469899,http://gizmodo.com/5081992/astronauts-getting-first-space-kitchen-fridge-ever-actually-wanted-a-kegerator,,2008-11-10 22:06:46,379,31,Astronauts Getting First Space Kitchen Fridge Ever  ,kevinlouis,Space,Science
9469853,http://arstechnica.com/reviews/games/mirrors-edge-review.ars,,2008-11-10 22:01:46,586,94,Little sister is watching: Ars reviews Mirror's Edge,MakiMaki,Gaming Industry News,Gaming
9463978,http://www.holytaco.com/awesome-versions-jesus,,2008-11-10 14:04:33,2463,348,40 Awesome Versions of Jesus,FlankedOut,People,Offbeat
9464677,http://editorial.autos.msn.com/article.aspx?cp-documentid=691566,,2008-11-10 14:52:34,389,55,Top 10: Ultimate Rides!,TheEngineer2008,Autos,Lifestyle
9461441,http://www.5min.com/Video/How-to-make-a-potato-launcher-8412,,2008-11-10 11:22:26,654,102,How to make a potato launcher ,TalSiach,General Sciences,Science
9463281,http://www.spike.com/blog/top-10-video-game/70255,,2008-11-10 13:19:29,822,93,The Top 10 Video Game Vixens,insaincain02,Gaming Industry News,Gaming
9467513,http://sports.yahoo.com/nfl/news?slug=ap-nflretirees&prov=ap&type=lgns,,2008-11-10 18:33:39,335,42,Jury orders NFL union to pay $28.1M to retirees,TheDuffManUK,American & Canadian Football,Sports
9467347,http://kevinrose.com/blogg/2008/11/11/the-way-star-wars-games-should-be.html,,2008-11-10 18:19:25,704,74,Jedi Diggnation Discussion The way Star Wars games should be,SirPopper,Gaming Industry News,Gaming
9465304,http://www.msnbc.msn.com/id/27648971/,,2008-11-10 15:39:37,806,52,Jon Stewart Honors George Carlin,insaincain02,Celebrity,Entertainment
,,,,,,,,,
9472277,http://apod.nasa.gov/apod/ap060216.html,,2008-11-11 02:06:50,723,32,The Colorful Moon,erichh,Space,Science
9464910,http://www.computerandvideogames.com/article.php?id=201378,,2008-11-10 15:08:16,486,180,Nintendo coy on HD Wii,GamingForever,Nintendo,Gaming
9467466,http://www.bradblog.com/?p=6654,,2008-11-10 18:28:46,3897,434,Alaska Update: Thousands of Ballots 'Found',jamesalfaro,US Elections 2008,World & Business
9471665,http://www.explosm.net/comics/1458/,,2008-11-11 01:01:17,924,56,Cy&H: The Fun Doctor,d2002,Comics & Animation,Entertainment
9460594,http://arstechnica.com/news.ars/post/20081110-ea-hit-with-two-more-lawsuits-over-use-of-securom.html,,2008-11-10 10:32:51,968,85,EA hit with two more lawsuits over use of SecuROM,MrBabyMan,Gaming Industry News,Gaming
9463105,http://www.gunaxin.com/hollywoods-top-ten-young-actresses/2139,,2008-11-10 13:07:18,668,125,The Top Young Actresses in Hollywood Today,Jericho6,Movies,Entertainment
9465328,http://news.mongabay.com/2008/1110-corn.html,,2008-11-10 15:41:22,2253,483,American fast food is almost entirely made of corn,doiveo,Food & Drink,Lifestyle
9474131,http://www.techradar.com/news/phone-and-communications/mobile-phones/16-totally-pointless-apps-that-shame-the-iphone-483773,,2008-11-11 05:29:16,638,74,16 Totally Pointless Apps That Shame The iPhone,upick,Apple,Technology
9469935,http://news.cnet.com/8301-1035_3-10093152-94.html,,2008-11-10 22:10:10,391,24,Sandbridge's New Processor to Make Smartphones Much Cheaper,FirstDigg,Gadgets,Technology
9459589,http://www.asylum.co.uk/2008/11/10/cooking-in-the-apocalypse/,,2008-11-10 09:38:04,502,49,Apocalypse Chow -- Cooking in the End Times,BCKids1208,Food & Drink,Lifestyle
9469972,http://www.premiere.com/best/4709/punks-not-dead-the-20-punkest-films.html,,2008-11-10 22:13:29,558,137,Punk's Not Dead: The 20 Punkest Films,chemicalsynapse,Movies,Entertainment
9462339,http://www.inhabitat.com/2008/11/10/new-york-to-charge-for-plastic-bags/,,2008-11-10 12:13:21,650,192,New York Mayor Proposes Charge on Plastic Bags,oboy,Environment,Science
9464735,http://blogs.laweekly.com/ladaily/general/candycolored-fairy-tales-lolit/,,2008-11-10 14:55:04,587,96,Lolita Girls Travel the U.S. for Japanese Cosplay Tea Party,philostrato,Arts & Culture,Lifestyle
9448269,http://www.physorg.com/news145460475.html,,2008-11-09 16:06:47,321,27,Astronauts head for extreme home makeover in space,oboy,Space,Science
9463732,http://www.mensfitness.com/nutrition/beverages/242,,2008-11-10 13:49:10,598,195,America's five best bars for beer lovers,UniversalNews,Food & Drink,Lifestyle
9465187,http://www.telegraph.co.uk/news/newstopics/politics/health/3406677/Junk-food-companies-will-urge-people-to-eat-healthily.html,,2008-11-10 15:30:25,306,24,Junk food companies will urge people to eat healthily,kukuya,Health,Lifestyle
9465396,http://sportsillustrated.cnn.com/2008/magazine/11/10/cbk.top.20/index.html,,2008-11-10 15:45:37,245,71,Men's Basketball PreSeason Top 20,chicagojack,Basketball,Sports
9474250,http://highschool.rivals.com/content.asp?SID=1185&CID=874700,,2008-11-11 05:39:43,374,37,Little Favre sets Mississippi State Record,chicagojack,American & Canadian Football,Sports
9468212,http://www.wsoctv.com/automotive/17945476/detail.html,,2008-11-10 19:34:44,2128,626,Is the American Memory Really This Short?,llama5492,Comedy,Offbeat
9471684,http://trunks.fireball20xl.com/twats/comic/comics/096.jpg,,2008-11-11 01:02:40,5187,630,Mac Upgrades [COMIC],awesometastic1,Apple,Technology
9470103,http://sports.espn.go.com/nfl/recap?gameId=281110022,,2008-11-10 22:24:04,217,30,Desert Delight: Warner Saves Cardinals Over 49ers,jboitnott,American & Canadian Football,Sports
9460748,http://hollywood-elsewhere.com/2008/11/willis_walks.php,,2008-11-10 10:42:31,271,30,Bruce Willis Walks Away from Directorial Debut,Rollic,Movies,Entertainment
9463404,http://gizmodo.com/5082159/how-to-make-lego-bricks-you-can-actually-eat,,2008-11-10 13:27:37,684,62,Lego Bricks You Can Actually Eat,DirectTulip,Food & Drink,Lifestyle
9449389,http://www.timesonline.co.uk/tol/news/environment/article5119585.ece,,2008-11-09 18:06:52,367,25,Hydroelectric island to supply Dutch power when wind drops,AFelsinger,Environment,Science
9460467,http://www.boston.com/bigpicture/2008/11/scenes_from_antarctica.html,,2008-11-10 10:26:29,1241,76,Scenes from Antarctica (PICS),MrBabyMan,Travel & Places,Lifestyle
9458356,http://www.youtube.com/watch?v=0A2moFdM1Yo,,2008-11-10 08:34:35,723,56,Squirrels Dancing to Michael Jackson,irfanmp,Pets & Animals,Offbeat
9473187,http://video.mpora.com/watch/65P6pvf8h/,,2008-11-11 03:48:51,317,75,Ultimate Snowboarding Cool,Lyndoman,Extreme,Sports
9449543,http://www.nytimes.com/2008/11/10/business/10grid.html?ex=1383973200&en=25c92642ac512815&ei=5124&partner=digg&exprod=digg,,2008-11-09 18:21:18,430,120,Report Says Sun and Wind Power Could Threaten US Power Grid,AFelsinger,Environment,Science
9459161,http://www.nasa.gov/images/content/287330main_image_1215_full.jpg,,2008-11-10 09:15:48,563,72,Still Shining - Mars Exploration Rover Spirit,RedIbisMocks,Space,Science
9459802,http://friendfeed.s3.amazonaws.com/e430761c3a995b49e1b14d47c9dfe78e319c0453,,2008-11-10 09:49:57,2056,74,... I'm going home,d2002,Pets & Animals,Offbeat
9470362,http://www.pcworld.com/article/153368/the_best_and_worst_movies_about_the_internet.html,,2008-11-10 22:50:24,694,106,The Best and Worst Movies About the Internet,victoryguy,Movies,Entertainment
9465753,http://www.summitpost.org/view_object.php?object_id=69349&context_id=404128,,2008-11-10 16:09:39,632,121,Before looking at this picture take a long deep breath . . .,vroom101,General Sciences,Science
9463502,http://news.bbc.co.uk/2/hi/science/nature/7720466.stm,,2008-11-10 13:34:14,475,36,Radioactive legacy of 'lost bomb',mokki,Environment,Science
9467084,http://bink.nu/photos/news_article_images/images/43194/original.aspx,,2008-11-10 17:58:10,2843,491,Wow...look at this Task Manager!,mark076h,Hardware,Technology
9467065,http://abcnews.go.com/Blotter/WallStreet/story?id=6223972&page=1,,2008-11-10 17:56:55,2682,329,Another AIG Resort $343, Logos Hidden,insaincain02,Business & Finance
9464379,http://www.canvasburn.com/13-beautiful-and-open-source-e-commerce-applications/,,2008-11-10 14:32:39,738,24,13 Beautiful And Open Source E-Commerce Applications,TalSiach,Software,Technology
9463474,http://www.frc.ri.cmu.edu/~hpm/talks/revo.slides/2030.jpg,,2008-11-10 13:32:23,672,92,Evoluion Of Computer Power/Cost Comparable to Larger Mammals,bakkouz,General Sciences,Science
9456742,http://www.pcworld.com/businesscenter/article/153513/cheap_laptop_batteries_good_deal_or_risky.html,,2008-11-10 06:53:50,450,44,Cheap laptop batteries: Good deal or risky business?,louiebaur,Hardware,Technology
9468280,http://www.msnbc.msn.com/id/27650743/,,2008-11-10 19:39:38,7028,1472,Keith Olbermann - Special Comment on Prop 8,rpmrising,World News,World & Business
9460944,http://news.cnet.com/8301-1035_3-10092377-94.html?part=rss,,2008-11-10 10:52:56,717,105,Study: BlackBerry has twice failure rate of iPhone,brainnovate,Apple,Technology
9467322,http://designreviver.com/inspiration/how-i-learned-to-build-wordpress-themes/,,2008-11-10 18:16:46,766,21,How I Learned To Build Wordpress Themes,clickfire,Design,Technology
9458765,http://s475.photobucket.com/albums/rr120/SilentJay74/?action=view&current=motivator4470169.jpg,,2008-11-10 08:54:22,3226,184,Love on Diggnation,SilentJay74,Comedy,Offbeat
9465010,http://dilbert.com/fast/2008-11-10/,,2008-11-10 15:16:38,870,73,Dilbert: How To Insult Your Boss Without Getting Fired,d2002,Comics & Animation,Entertainment
9470229,http://www.youtube.com/watch?v=ooJq2c-PCiM,,2008-11-10 22:37:37,768,78,Girl Skateboards Presents The Magic Skateboard,louiebaur,Extreme,Sports
9467405,http://www.wowinsider.com/2008/11/10/wrath-world-event-continues-lich-king-attacking-ogrimmar/,,2008-11-10 18:23:57,1294,417,The Lich King is attacking the World of Warcraft!,Rosco24,Gaming Industry News,Gaming
9467024,http://www.inc.com/magazine/20081101/keeevviin_Printer_Friendly.html,,2008-11-10 17:53:23,1853,216,Kevin Rose of Digg: The Most Famous Man on the Internet,arbiterofcool,Tech Industry News,Technology
9466295,http://www.telegraph.co.uk/scienceandtechnology/science/sciencenews/3423041/Barack-Obamas-vision-of-a-scientific-America.html,,2008-11-10 16:51:57,1184,179,Barack Obama's vision of a scientific America ,albyliontk,Environment,Science
9453519,http://buttersafe.com/2007/07/19/confidence/,,2008-11-10 01:19:28,866,63,Confidence (Comic),MrBabyMan,Comics & Animation,Entertainment
9454931,http://www.physorg.com/news145514544.html,,2008-11-10 03:51:13,657,59,3D Display Offers Glimpse of Future Media,starskii,Hardware,Technology
9459227,http://www.linuxhaxor.net/2008/09/30/make-linux-harder-better-faster/,,2008-11-10 09:19:05,796,127,Linux: Harder - Better - Faster,balleballe,Linux/Unix,Technology
9463081,http://kotaku.com/5082293/handicapped-ps3-owner-builds-frankensteins-controller,,2008-11-10 13:05:43,942,105,Handicapped PS3 Owner Builds Own Controller,insaincain02,PlayStation,Gaming
9465088,http://www.physorg.com/news145535050.html,,2008-11-10 15:22:18,396,26,Bose-Einstein Condensate Used To Improve Factoring Algorithm,pirlok,General Sciences,Science
9463776,http://nbcsports.msnbc.com/id/27648450/,,2008-11-10 13:52:02,346,56,Oakland A's Acquire All-Star Holliday From Rockies,insaincain02,Baseball,Sports
9460840,http://current.com/items/89511785_palin_offered_2m_to_appear_in_porn_movie?xid=216,,2008-11-10 10:47:17,3315,478,Palin offered $2M to appear in porn movie,YsoSerious57,Celebrity,Entertainment
9467551,http://www.davidshrigley.com/photo_htmpgs/notice.html?gclid=COb1wftMpogSWQJPQgodwXk53,,2008-11-10 18:38:29,4558,188,You Are Being Watched,webtickle,Comedy,Offbeat
9455340,http://ap.google.com/article/ALeqM5jK_Aed0fG4UHhDXEI2SuOdZLDKHAD94C137G6,,2008-11-10 04:44:25,382,34,South African Musical Legend Miriam Makeba Dies,badwithcomputer,Music,Entertainment
9466168,http://firedoglake.com/2008/11/10/the-federal-reserve-is-refusing-to-identify-the-recipients-of-almost-2-trillion-of-emergency-loans/,,2008-11-10 16:42:24,2866,352,The Federal Reserve is refusing to identify the recipients ,littlebrit1961,Political News,World & Business
,,,,,,,,,
9465650,http://www.marcofolio.net/images/stories/fun/imagedump/imgdmp_0810_1/october_08_1_11.jpg,,2008-11-10 16:02:48,2190,104,You can't see me here!,llama5492,Comedy,Offbeat
9457156,http://www.reuters.com/article/ousiv/idUSTRE4A92FM20081110?rpc=64,,2008-11-10 07:23:00,1175,252,Government increases AIG bailout to $150 billion,bamafun,Business & Finance,World & Business
9462682,http://www.nature.com/news/2008/081110/full/news.2008.1217.html?s=news_rss,,2008-11-10 12:38:01,1857,300,Research shows that our concept of time may be flawed,niccha,General Sciences,Science
9461213,http://weburbanist.com/2008/11/10/creative-mirrors-modern-mirror-designs/,,2008-11-10 11:10:12,595,32,16 Mesmerizing Mirrors with Radical Reflections [PICS],msaleem,Mods,Technology
9456543,http://www.eyesondarfur.org/,,2008-11-10 06:36:58,551,60,Satellite Images Track Darfur Atrocities,RedIbisMocks,World News,World & Business
9457698,http://i38.tinypic.com/2jd0ro6.jpg,,2008-11-10 07:55:23,2314,168,Mixed Messages,llama5492,Comedy,Offbeat
,,,,,,,,,
9451625,http://www.youtube.com/watch?v=0ONJfp95yoE,,2008-11-09 21:53:23,1179,115,A Cat Plays the Theremin,MrBabyMan,Pets & Animals,Offbeat
,,,,,,,,,
9459260,http://www.nytimes.com/aponline/business/AP-TEC-Microsoft-Sun.html?_r=1&oref=slogin,,2008-11-10 09:21:14,331,35,Sun to Help Old Foe Microsoft Get Search Traffic,lifeisgoooooood,Microsoft,Technology
,,,,,,,,,
9454493,http://www.thevine.com.au/tv/entertainment/creepy-skittles-ad.aspx,,2008-11-10 02:59:41,1574,318,The creepiest Skittles ad,,,
9453712,http://www.dailygalaxy.com/my_weblog/2008/11/solar-sailer-ch.html,,2008-11-10 01:39:21,516,51,Solar at Sea: Chinese Cargo Ships Will Have Solar Sails,adrian67,Environment,Science
9455571,http://www.dailymail.co.uk/news/article-1084411/Around-world-11mph--Adventurer-takes-wheely-long-ride-penny-farthing.html,,2008-11-10 05:09:27,254,36,Adventurer takes a wheely long ride on a penny farthing ,albyliontk,Other Sports,Sports
9445462,http://www.nytimes.com/2008/11/10/world/asia/10china.html?hp,,2008-11-09 11:26:39,684,141,China Unveils $586 Billion Economic Stimulus Plan ,numberneal,World News,World & Business
9450159,http://news.yahoo.com/s/ap/20081110/ap_on_re_as/as_china_earthquake,,2008-11-09 19:23:21,684,69,BREAKING: 6.5 Magnitude Quake Strikes Northwest China,Burento,World News,World & Business
9458545,http://www.usatoday.com/news/health/2008-11-09-delayed-marriage_N.htm,,2008-11-10 08:43:32,635,97,Sooner vs. Later: Americans choose later for first marriage,ironeus,Educational,Lifestyle
9450683,http://www.cnn.com/2008/HEALTH/conditions/11/09/headphones.pacemakers/index.html?eref=rss_topstories,,2008-11-09 20:17:56,334,27,Study: Headphones could interfere with pacemakers,DigSomeMore,Health,Lifestyle
9457161,http://www.astroengine.com/?p=2047,,2008-11-10 07:23:14,545,30,Strangest Kuiper Belt Objects: The Top Five,MediaSight,Space,Science
9449575,http://www.dailymail.co.uk/tvshowbiz/article-1084354/Cindy-Crawfords-ravishing-age-defying-poses-French-Vogue-42.html,,2008-11-09 18:25:24,647,131,Cindy Crawford's ravishing age-defying poses for Vogue,ScottMcIntyre,Celebrity,Entertainment
9450006,http://www.darkroastedblend.com/2008/11/creative-food-manipulation.html,,2008-11-09 19:09:30,636,40,Pimp My Food: For the Sake of Art and Stomach (w/PICS),jaybol,Food & Drink,Lifestyle
9449879,http://blog.wired.com/geekdad/2008/11/when-green-mean.html,,2008-11-09 18:57:17,596,93,When "Green" Means "Worse",jaybol,Environment,Science
9450668,http://arstechnica.com/news.ars/post/20081109-hands-on-songbird-1-0-music-app-soars.html,,2008-11-09 20:16:07,790,94,Hands on: Songbird 1.0 music app soars,insaincain02,Software,Technology
9450504,http://www.cinemablend.com/games/Top-10-Greatest-Phrases-To-Ever-Come-Out-Of-A-Video-Game-Character-s-Mouth-13289.html,,2008-11-09 20:00:08,837,258,10 of the Greatest Phrases to Ever Come Out of a Video Game,Four20,Gaming Industry News,Gaming
,,,,,,,,,
9453090,http://www.sciencedaily.com/releases/2008/11/081103130927.htm,,2008-11-10 00:27:56,380,23,Half-broken Gene Is Enough To Cause Cancer,sungoddess808,Health,Lifestyle
,,,,,,,,,
9456775,http://rawstory.com/news/afp/US_military_conducts_a_dozen_secret_11102008.html,,2008-11-10 06:56:24,677,116,Bush OK'd Global Secret Raids,MiaCulpa,World News,World & Business
9448686,http://www.ontheissues.org/barack_obama.htm,,2008-11-09 16:49:03,1314,239,President-elect Obama On The Issues: From A to Z.,MercyPolitics,Political News,World & Business
9448517,http://www.boston.com/travel/gallery/fire_and_ice/,,2008-11-09 16:31:51,571,35,A Walk Through Fire and Ice (Pics),insaincain02,Travel & Places,Lifestyle
9451818,http://www.dailymail.co.uk/sciencetech/article-1084261/Aliens-deep-The-weird-wonderfully-wobbly-animals-discovered-sea-census.html,,2008-11-09 22:13:27,414,20,Aliens of the deep: The weird and wonderfully wobbly animals,TalSiach,General Sciences,Science
9451647,http://www.skiltools.com/en/UseYourSkil/HowTo/GreenHome.htm,,2008-11-09 21:55:13,446,52,8 Tips to Make Your Home Green,guillebravo6,Environment,Science
9455778,http://www.dailymail.co.uk/news/article-1083888/Pictured-The-graveyard-credit-crunched-budget-airlines-send-unwanted-passenger-jets.html,,2008-11-10 05:30:27,568,70,Pictured: Abandoned aircraft of struggling budget airlines,starskii,World News,World & Business
9462747,http://www.popcrunch.com/wp-content/uploads/2008/11/hatejobhunting.jpg,,2008-11-10 12:42:47,3803,240,I hate job hunting,llama5492,Comedy,Offbeat
9462644,http://tampabay.rays.mlb.com/news/article.jsp?ymd=20081110&content_id=3672690&vkey=news_tb&fext=.jsp&c_id=tb,,2008-11-10 12:35:44,364,70,Evan Longoria Wins AL Rookie of the Year,casspa,Baseball,Sports
9459090,http://blogs.computerworld.com/why_tethering_is_stupid_and_unnecessary,,2008-11-10 09:12:20,726,152,Why tethering is stupid and unnecessary,mikelgan,Tech Industry News,Technology
9463456,http://www.amazingsuperpowers.com/ComicArchive/119.htm,,2008-11-10 13:30:39,656,91,Freaks (Comic),irfanmp,Comics & Animation,Entertainment
9456807,http://www.fastcompany.com/articles/2008/11/influential-women-web.html,,2008-11-10 06:59:16,549,80,The Most Influential Women in Web 2.0,brainnovate,People,Offbeat
9463323,http://www.filmschoolrejects.com/news/the-dark-knight-about-to-join-the-billion-dollar-club.php,,2008-11-10 13:22:37,1037,144,'The Dark Knight' to join the Billion Dollar Club?,SpillReviews,Movies,Entertainment
9438759,http://science.nationalgeographic.com/science/photos/iss-gallery.html,,2008-11-08 21:43:27,673,47,Amazing Pictures Of International Space Station,chris1234,Space,Science
9463686,http://sfist.com/attachments/SFist_Brock/prop%208%20hot%20guy.jpg,,2008-11-10 13:45:50,7420,1237,I Can't Believe We Still Have to Protest This Crap...,llama5492,Comedy,Offbeat
9457035,http://www.physorg.com/news145513928.html,,2008-11-10 07:14:54,377,65,Flu Shots May Cut Risk of Blood Clots Forming in Veins,sungoddess808,Health,Lifestyle
9459633,http://discovermagazine.com/2008/dec/10-sciences-alternative-to-an-intelligent-creator,,2008-11-10 09:40:28,815,369,Science's Alternative to an Intelligent Creator,MakiMaki,General Sciences,Science
9461582,http://www.theonion.com/content/node/43029,,2008-11-10 11:29:34,5075,397,RIAA Announces Ban on Telling Friends About Songs,jaybol,Music,Entertainment
9450667,http://www.upi.com/Odd_News/2008/11/09/More_cockroaches_expected_in_Florida/UPI-51751226264546/,,2008-11-09 20:16:06,758,205,More 5 inch cockroaches expected in Florida,bluenile,Pets & Animals,Offbeat
,,,,,,,,,
9458170,http://www.livescience.com/culture/081110-sports-hockey-concussions.html,,2008-11-10 08:23:35,399,73,Bigger Hockey Players Causing More Concussions,DirectTulip,Hockey,Sports
9458839,http://www.esquire.com/features/the-screen/bonds-new-director-1108,,2008-11-10 08:58:37,660,59,How New Bond Film Pissed Off Bolivia & More 007 Secrets,1KrazyKorean,Movies,Entertainment
9447202,http://www.youtube.com/watch?v=A042J0IDQK4,,2008-11-09 14:17:52,1920,193,Fire Ant Colony Creates a Lifeboat,llama5492,Pets & Animals,Offbeat
9456181,http://www.cracked.com/article_16762_6-biggest-assholes-animal-kingdom.html,,2008-11-10 06:06:34,1183,135,The 6 Biggest Assholes in the Animal Kingdom,louiebaur,Pets & Animals,Offbeat
9451386,http://arstechnica.com/news.ars/post/20081109-ubuntu-open-week-mark-shuttleworth-speaks.html,,2008-11-09 21:31:18,550,34,Ubuntu's Mark Shuttleworth opens up on mobility and design,MrBabyMan,Linux/Unix,Technology
9455204,http://www.bloomberg.com/apps/news?pid=20601087&sid=aatlky_cH.tY&refer=home,,2008-11-10 04:25:32,1698,293,Fed Defies Transparency in Refusal to Identify Bank Loans ,piu1983,Business & Finance,World & Business
9449644,http://mobile.reuters.com/mobile/m/FullArticle/CBUS/nbusinessNews_uUSTRE4A900K20081110?src=RSS-BUS,,2008-11-09 18:31:40,578,278,UK's Brown: Now is the time to build global society,americaindanger,Political News,World & Business
9449914,http://arstechnica.com/news.ars/post/20081109-the-nintendo-ds-is-your-instrument-the-korg-ds-10.html,,2008-11-09 19:00:59,837,104,The Nintendo DS is your instrument: the Korg DS-10,insaincain02,Nintendo,Gaming
9454071,http://www.funnyordie.com/videos/7edef7260e/the-kevin-bacon-movie-club-from-kevin-bacon,,2008-11-10 02:16:48,975,70,The Kevin Bacon Movie Club,badwithcomputer,Movies,Entertainment
9448506,http://www.guardian.co.uk/environment/2008/nov/06/1,,2008-11-09 16:30:48,327,28,Greenwashing the palm oil industry,doiveo,Environment,Science
9458215,http://www.engadget.com/2008/11/10/iphone-3g-overtakes-the-razr-as-best-selling-domestic-handset/,,2008-11-10 08:26:07,1354,232,iPhone 3G overtakes the RAZR as bestselling domestic handset,MikeDugg,Apple,Technology
9457306,http://arstechnica.com/news.ars/post/20081110-resistance-2-gives-ps3-devs-a-blueprint-for-online-play.html,,2008-11-10 07:32:24,504,121,Resistance 2 Gives PS3 Devs a Blueprint For Online Play,ritubpant,Gaming Industry News,Gaming
9453297,http://apina.nwpshost.com/10406.jpg,,2008-11-10 00:53:50,1474,184,Aww... another cute Mario com---oh wait WTF!,d2002,Comics & Animation,Entertainment
,,,,,,,,,
9458873,http://www.collegehumor.com/video:1886349,,2008-11-10 09:00:36,7956,558,If The Matrix Ran on Windows,stephcv,Comedy,Offbeat
9446410,http://www.dailymail.co.uk/news/article-1084249/Infertile-woman-birth-twin-sister-donates-ovary-world-first.html,,2008-11-09 12:56:30,535,75,Infertile woman to give birth after her twin donates ovary ,ScottMcIntyre,General Sciences,Science
9458176,http://www.popularmechanics.com/science/earth/4290631.html?nav=rss20,,2008-11-10 08:24:12,992,130,Recycling Myths: Debunking 5 Half Truths about Recycling,Sh0rtstak,Environment,Science
9448725,http://news.cnet.com/8301-13953_3-10092053-80.html?part=rss,,2008-11-09 16:53:40,687,79,Obama's CTO: Watch out for the turf wars,brainnovate,Tech Industry News,Technology
9448432,http://www.nasa.gov/multimedia/imagegallery/image_feature_1112.html,,2008-11-09 16:25:30,1004,114,Amelia Earhart Next To Plane In Which She Disappeared in1937,openthink,Space,Science
9447197,http://www.treehugger.com/files/2008/11/how-to-drive-paris-new-york.php,,2008-11-09 14:17:31,730,83,How to Drive From Paris to New York,nichesiteexpert,Travel & Places,Lifestyle
9453368,http://www.explosm.net/comics/1457/,,2008-11-10 01:02:00,1473,85,Cy&H: The proper way to answer "sudo make me a sandwich",d2002,Comics & Animation,Entertainment
,,,,,,,,,
9456191,http://www.cracked.com/video_16776_5-reasons-youll-hate-movie-twilight.html,,2008-11-10 06:07:11,1170,218,5 Reasons You'll Hate The Movie 'Twilight',louiebaur,Movies,Entertainment
9455798,http://tech.yahoo.com/news/cnet/20081110/tc_cnet/8301102331009228393,,2008-11-10 05:32:30,759,76,YouTube and MGM to hook up for Full-Lenght Films,chicagojack,Movies,Entertainment
9450678,http://www.hollywoodreporter.com/hr/content_display/news/e3i2a6531019c4147a66e0beb044b64e1be,,2008-11-09 20:17:24,579,87,'Captain America' recruits director,DigSomeMore,Movies,Entertainment
9450833,http://www.guardian.co.uk/environment/2008/nov/10/renewable-energy-alternative-energy,,2008-11-09 20:34:32,1912,491,Gore urges US to try for 100% renewable energy within 10 yrs,mokki,Environment,Science
9446344,http://www.physorg.com/news145450584.html,,2008-11-09 12:50:35,294,55,Study: Wider cholesterol drug use may save lives,DirectTulip,Health,Lifestyle
9446057,http://www.theinformationparadox.com/2008/11/happy-birthday-carl-message-yet-to-be.html,,2008-11-09 12:23:13,643,52,Happy Birthday Carl (A Message Yet To Be Heeded),TheIP,People,Offbeat
9444449,http://flickr.com/photos/terrylea/222994607/,,2008-11-09 09:56:47,1241,99,Wired Squirrel Loves His Coffee [PIC],gamebittk,Pets & Animals,Offbeat
9444259,http://www.dailykos.com/story/2008/11/9/9356/17632,,2008-11-09 09:39:47,7554,1535,Undeniable proof that Arkansas is a backwards hellhole!!!,wikoogle,Political News,World & Business
9451090,http://www.darkroastedblend.com/2007/06/cool-computer-case-mods.html,,2008-11-09 20:59:48,3344,172,Holy Computer Case Mods Batman! [30+ PICS],suxmonkey,Mods,Technology
9444911,http://photos.jpgmag.com/627338_128545_b14e41d48a_p.jpg,,2008-11-09 10:35:47,2098,139,The Truth [PIC],gamebittk,Arts & Culture,Lifestyle
9454134,http://news.bbc.co.uk/sport2/hi/cricket/7719052.stm,,2008-11-10 02:22:56,515,141,India beat Aussies to win series,kevinlouis,Extreme,Sports
9431042,http://money.cnn.com/2008/11/07/news/companies/bank_failure/index.htm?postversion=2008110721&eref=rss_topstories,,2008-11-08 08:00:16,745,67,2 more banks go belly-up ,hdar3415,Business & Finance,World & Business
9437102,http://www.guardian.co.uk/society/2008/nov/09/obesity-health-darwin-weight-society,,2008-11-08 18:10:33,461,118,We're all getting fatter and it may be contagious,hdar3415,Health,Lifestyle
9451719,http://filmonic.com/terminator-salvation-concept-designs,,2008-11-09 22:01:32,812,76,New Terminator Salvation Concept Designs!,kevinlouis,Odd Stuff,Offbeat
9445592,http://news.bbc.co.uk/2/hi/science/nature/7715741.stm,,2008-11-09 11:39:21,519,33,Octopuses share 'living ancestor'  ,hdar3415,Environment,Science
9446380,http://www.telegraph.co.uk/news/worldnews/europe/germany/3411647/Auschwitz-plans-found-in-Berlin-flat.html,,2008-11-09 12:53:18,2424,497,Auschwitz Plans Found In Berlin Flat ,domfosnz,World News,World & Business
9448385,http://www.msnbc.msn.com/id/27633307/,,2008-11-09 16:20:02,721,34,Genetically Engineered Immune Cells Catch Disguised HIV,insaincain02,General Sciences,Science
9449941,http://flickr.com/photos/johnydaystudio/3013016096/,,2008-11-09 19:03:42,715,66,The velcro doggie,AmyVernon,Pets & Animals,Offbeat
9443072,http://www.youtube.com/watch?v=Ix081prSiNc,,2008-11-09 07:53:42,348,56,L.A. Rams' The Rammers - "Ram It" (Musical Tribute),ScottMcIntyre,American & Canadian Football,Sports
9446844,http://weburbanist.com/2008/11/09/prefab-architecture-flat-pack-furniture/,,2008-11-09 13:40:46,775,42,42 Fantastic Prefab Homes and Flat Pack Designs [PICS],msaleem,Design,Technology
9446733,http://news.yahoo.com/s/ap/20081107/ap_en_mo/film_slumdog_millionaire,,2008-11-09 13:28:16,374,56,Hollywood meets Bollywood in Oscar-hyped `Slumdog',astorygirl,Movies,Entertainment
9446151,http://www.livescience.com/animals/top10_vestigial_organs-1.html,,2008-11-09 12:31:38,1454,191,Top 10 Useless Limbs and Other Vestigial Organs,KaiserArny,General Sciences,Science
9446348,http://www.liveleak.com/view?i=9c5_1226241931,,2008-11-09 12:50:48,673,94,VID - Have you ever seen a Cuttlefish Use it's Camouflage? ,linkserf,Environment,Science
9451775,http://xkcd.com/502/,,2008-11-09 22:08:22,1772,230,xkcd - Dark Flow,SirPopper,Comics & Animation,Entertainment
9441740,http://www.1up.com/do/newsStory?cId=3171200,,2008-11-09 05:30:57,733,214,Report Shows Xbox 360 has Highest Attach Rate,insaincain02,Xbox,Gaming
9450630,http://xs433.xs.to/xs433/08450/peglegdog862.png,,2008-11-09 20:13:34,2550,142,Arrrrgh. Imma Pirate [PIC],gamebittk,Pets & Animals,Offbeat
9444196,http://www.upi.com/Top_News/2008/11/09/High_Court_to_examine_Marri_terror_case/UPI-36011226246841/,,2008-11-09 09:34:04,1075,175,Us Citizen Held Since 2002 in SC to Get Hearing At Supremes,authorfriendly,World News,World & Business
9444926,http://i36.tinypic.com/5uhif7.jpg,,2008-11-09 10:37:31,2025,77,Foolproof plan for getting a raise,d2002,Comics & Animation,Entertainment
9446283,http://www.dailymail.co.uk/sciencetech/article-1084251/Scientists-discover-chance-meeting-1-9bn-years-ago-led-life-Earth.html,,2008-11-09 12:46:31,865,136,Scientists discover meeting 1.9bn years ago that led to life,albyliontk,General Sciences,Science
9440195,http://gizmodo.com/5078088/windows-7-will-only-have-one-ready-sticker-down-from-vistas-four,,2008-11-09 01:02:29,1421,349,Windows 7 Will Only Have One 'Ready' Sticker,anderzole,Microsoft,Technology
9449887,http://www.timesonline.co.uk/tol/sport/football/european_football/article5114400.ece,,2008-11-09 18:57:55,525,106,Dozens of Italian footballers fall prey to fatal disease,AFelsinger,Soccer,Sports
9440453,http://www.techradar.com/news/networking/routers-storage/cool-things-you-can-do-with-a-nas-drive-482552?src=rss&attr=all,,2008-11-09 01:46:58,801,69,Cool things you can do with a NAS drive,SirPopper,Hardware,Technology
9449637,http://upload.gaiatools.com/files/googlesuggest_1.png,,2008-11-09 18:31:16,4590,413,An Expirement with Google Suggest,awesometastic1,Tech Industry News,Technology
9445922,http://news.bbc.co.uk/1/hi/sci/tech/7715741.stm,,2008-11-09 12:11:13,459,57,Octopuses share 'living ancestor',albyliontk,General Sciences,Science
9447335,http://i33.tinypic.com/aww3ye.jpg,,2008-11-09 14:30:22,5546,337,No.... I'd Rather Not,llama5492,Comedy,Offbeat
9444013,http://paranormal.about.com/od/othercreatures/a/10-creatures.htm,,2008-11-09 09:19:12,741,166,10 mystifying beasts that science has yet to explain,netgeek06,Pets & Animals,Offbeat
9435003,http://invalidobject.blogspot.com/2008/11/new-old-netbook.html,,2008-11-08 14:10:56,627,61,New Old Netbook,motang,Linux/Unix,Technology
9445385,http://www.livescience.com/animals/081109-marine-census.html,,2008-11-09 11:20:56,680,29,Incredible Deep-Sea Discoveries Announced,Burento,General Sciences,Science
9428971,http://es.youtube.com/watch?v=IXonIgnSWIo,,2008-11-08 03:48:51,823,118,Resident Evil 4 - Playing As Link,badwithcomputer,Nintendo,Gaming
9448550,http://earthobservatory.nasa.gov/IOTD/view.php?id=8482,,2008-11-09 16:34:48,585,38,Dual Pics of Volcano Erupting in Russian Far East [NASA],openthink,General Sciences,Science
9439094,http://www.upi.com/Top_News/2008/11/08/Pledge_dies_at_U_of_Del_frat_party/UPI-12831226206357/,,2008-11-08 22:29:16,728,416,Pledge dies at U. of Del. frat party,BrokebackCasket,People,Offbeat
9445284,http://upload.wikimedia.org/wikipedia/commons/b/bd/Preikestolen_Norge.jpg,,2008-11-09 11:10:43,1156,113,Preacher's Pulpit: Massive Cliff With a Stunning View [PIC],MakiMaki,Travel & Places,Lifestyle
9447362,http://www.nnuploads.com/pfiles/2910/40c50b25690bac420bbd7e30a933c89c.gif,,2008-11-09 14:33:26,3930,277,Sometimes being a dick is funny,llama5492,Comedy,Offbeat
9440157,http://www.nytimes.com/2008/11/09/us/09young.html?ex=1383973200&en=28499c89baac0e4d&ei=5124&partner=digg&exprod=digg,,2008-11-09 00:56:20,594,135,Working Poor and Young Hit Hard in Downturn,noupsell,World News,World & Business
9433908,http://gizmodo.com/5080619/anti+dealzmodo-the-6200-kindle-book,,2008-11-08 12:23:20,603,76,The $6, what?,bakkouz,Hardware
9440053,http://gizmodo.com/5080755/im-a-gross-sweaty-hipster-and-im-a-pc,,2008-11-09 00:39:32,869,229,I'm a Gross, and I'm a PC,lifeisgoooooood,People
9434236,http://www.steadyburn.net/2008/11/pba-offers-to-give-obama-bowling-instruction/,,2008-11-08 12:51:47,524,71,PBA Offers Barack Obama Free Bowling Lessons ,HeDiggMe,Other Sports,Sports
9430148,http://lh4.ggpht.com/abramsv/SJAKTYvmWGI/AAAAAAAAX0E/oBrWsg2EXpM/s1600-h/1062.jpg,,2008-11-08 06:22:54,961,86,[PIC] Dancing shadows,deadleaf,Arts & Culture,Lifestyle
,,,,,,,,,
9442990,http://io9.com/5080690/heavens-gate-ufo-cult-sneakers-+-creepy-wrong-or-fake,,2008-11-09 07:46:29,434,66,Nike Skateboarding Heavens Gate Dunk Shoes -- $3000? WTF?,louiebaur,Extreme,Sports
9448198,http://buzzcuts.uproxx.com/sports/5240,,2008-11-09 16:00:35,697,91,The Nerdiest Sport Ever?,Rizoh,Other Sports,Sports
9441204,http://www.usatoday.com/tech/science/columnist/vergano/2008-11-08-mayan-decline_N.htm,,2008-11-09 04:12:39,365,32,Did environmental disasters play role in Mayan decline?,adrian67,General Sciences,Science
9440663,http://www.techradar.com/news/computing/apple/the-essential-guide-to-deep-cleaning-your-mac-482571,,2008-11-09 02:27:33,1009,112,The essential guide to deep-cleaning your Mac,ecati,Apple,Technology
9437593,http://www.telegraph.co.uk/news/newstopics/uselection2008/barackobama/3387103/Fears-grow-for-Barack-Obamas-security.html,,2008-11-08 19:14:06,3420,988,500+ Death Threats: Fears grow for Barack Obama's security,USArugula,US Elections 2008,World & Business
9445923,http://www.flickr.com/photos/naruwan/40364706/,,2008-11-09 12:11:20,1503,83,Don't Drink That Too Quickly! (PIC),jaybol,Food & Drink,Lifestyle
9447377,http://flickr.com/photos/eickholt/1465675136/sizes/o/,,2008-11-09 14:34:36,2557,171,Mountain Goat that is IMPOSSIBLE! Dude where are your wings?,vroom101,General Sciences,Science
9442925,http://techblog.dallasnews.com/archives/2008/11/1-of-every-50-people-on-earth.html,,2008-11-09 07:40:31,1042,156,1 of every 50 people on earth belong to Facebook!,trentmonica,Tech Industry News,Technology
9436289,http://i33.tinypic.com/25jkyv4.jpg,,2008-11-08 16:35:30,2466,189,Need A Good Lawyer? [PIC],gamebittk,Odd Stuff,Offbeat
9440625,http://www.npr.org/templates/story/story.php?storyId=96708334,,2008-11-09 02:17:36,332,28,How To CAT-Scan (And Hot-Rod) A Stradivarius,oboy,Music,Entertainment
9425395,http://fc34.deviantart.com/fs35/i/2008/312/6/2/With_Great_Humility____by_pluckylump.jpg,,2008-11-07 19:55:46,2951,414,With Great Humility...,str3ama,Arts & Culture,Lifestyle
9444705,http://www.ibm.com/developerworks/linux/library/l-11sysadtips/index.html?ca=dgr-lnxw07LazyLinux11,,2008-11-09 10:16:53,541,39,Lazy Linux: 11 secrets for lazy cluster admins,victoryguy,Linux/Unix,Technology
9439760,http://www.telegraph.co.uk/news/worldnews/centralamericaandthecaribbean/mexico/3407353/Mexico-captures-its-man-with-the-golden-gun-in-vicious-drugs-war.html,,2008-11-09 00:00:32,733,105,Mexico captures its 'man with the golden gun,TalSiach,World News,World & Business
9438306,http://www.haaretz.com/hasen/spages/1035405.html,,2008-11-08 20:43:09,372,128,Huge TelAviv rally to mark 13 yr aniv of Rabin assassination,TalSiach,World News,World & Business
9440439,http://www.reuters.com/article/environmentNews/idUSTRE4A612Y20081107?rpc=64,,2008-11-09 01:43:32,908,326,China tells rich nations: Abandon "unsustainable lifestyle",naturalpapa,Environment,Science
9425374,http://www.toxel.com/inspiration/2008/11/07/incredible-paintings-by-tetsuya-ishida/,,2008-11-07 19:53:22,687,67,Incredible Paintings by Tetsuya Ishida,kineticworm,Arts & Culture,Lifestyle
,,,,,,,,,
,,,,,,,,,
9443371,http://io9.com/5079815/batman-sues-christopher-nolan-over-success-of-the-dark-knight,,2008-11-09 08:22:25,1603,173,Batman Sues Christopher Nolan Over Success Of Dark Knight,insaincain02,Movies,Entertainment
9440627,http://gigaom.com/2008/11/07/amazon-web-services-not-just-for-early-adopters/,,2008-11-09 02:17:49,363,16,Amazon's Cloud Not Just For Early Adopters?,guyro,Programming,Technology
9438919,http://apod.nasa.gov/apod/ap081109.html,,2008-11-08 22:06:06,707,51,APOD: Two Black Holes Dancing in 3C 75,SirPopper,Space,Science
9434858,http://www.popsci.com/bown/2008,,2008-11-08 13:57:00,722,48,Best of What's New 2008,Burento,Tech Industry News,Technology
9436413,http://www.washingtonpost.com/wp-dyn/content/article/2008/11/08/AR2008110801856.html?referrer=digg,,2008-11-08 16:49:30,3183,650,Obama Will Reverse Bush Actions on Env. & Soc. Issues,JBinAZ,Political News,World & Business
9435950,http://lifehacker.com/5078308/sharepod-frees-your-ipod-from-itunes,,2008-11-08 15:55:40,855,104,Sharepod Frees Your iPod From iTunes,insaincain02,Apple,Technology
9437264,http://www.huffingtonpost.com/2008/11/08/fox-news-cut-out-of-quest_n_142404.html,,2008-11-08 18:29:51,3078,633,Fox News Snubbed At Obama's First Press Conference,booksnmore4you,Political News,World & Business
9442627,http://www.telegraph.co.uk/news/picturegalleries/uknews/3400728/The-power-of-propaganda-wartime-posters.html,,2008-11-09 07:13:35,1272,110,10 Wartime Posters: The Power of Propaganda (pics),ScottMcIntyre,Arts & Culture,Lifestyle
9438875,http://n2.cdn.spikedhumor.com/1/652000/159871_bicycle_feet_1_vw.jpg,,2008-11-08 21:59:04,1593,118,I have bicycles on my feet.,Rekzai,Comedy,Offbeat
9429043,http://sports.espn.go.com/nba/columns/story?page=iversondebut-081107,,2008-11-08 04:00:03,266,24,Iverson's Debut with Detroit Undone by Harris' Scoring Spree,badwithcomputer,Basketball,Sports
9434670,http://regulargeek.com/2008/11/07/who-woke-the-sleeping-giant/,,2008-11-08 13:37:56,838,152,Is Microsoft Awakening?,clickfire,Microsoft,Technology
9435917,http://news.vgchartz.com/news.php?id=2496,,2008-11-08 15:51:28,1673,277,Gears of War 2 sells 2.1 million copies on day 1.,freebird4,Xbox,Gaming
9433381,http://www.spiegel.de/fotostrecke/fotostrecke-36923.html,,2008-11-08 11:29:03,560,36,Photo Gallery: Take a Break 21st-Century Style,lekahe,Design,Technology
9435238,http://news.bbc.co.uk/1/hi/sci/tech/7718015.stm,,2008-11-08 14:34:26,717,90,Indian Satellite Captured By Moon,RedIbisMocks,Space,Science
9433951,http://cleantechnica.com/2008/11/05/scientists-rocks-could-be-used-to-capture-co2/,,2008-11-08 12:26:19,501,57,Scientists: Rocks Could Be Used to Capture CO2,insaincain02,Environment,Science
9442251,http://www.cracked.com/article_16760_6-people-who-died-trying-prove-stupid-point.html,,2008-11-09 06:30:50,3406,262,6 People Who Died In Order To Prove A (Retarded) Point,louiebaur,Comedy,Offbeat
9435661,http://news.yahoo.com/s/ap/20081108/ap_on_re_us/mormon_backlash_boycott_2,,2008-11-08 15:19:47,4495,1050,BOYCOTT UTAH!!,tchen3,Political News,World & Business
9434048,http://news.yahoo.com/s/nm/20081108/od_uk_nm/oukoe_uk_usa_corpses,,2008-11-08 12:34:50,828,82,Woman Found Living With 3 Dead Siblings,Burento,People,Offbeat
9424661,http://news.cnet.com/8301-13506_3-10085860-17.html?part=rss,,2008-11-07 18:25:23,562,151,Why the PSP is the key to Sony's future,brainnovate,PlayStation,Gaming
9437235,http://www.telegraph.co.uk/news/picturegalleries/worldnews/2688712/Scientists-at-CERN-prepare-to-power-up-The-Large-Hadron-Collider.html,,2008-11-08 18:26:20,996,95,Scientists prepare to power the Large Hadron Collider (pics),ScottMcIntyre,General Sciences,Science
9433928,http://www.startribune.com/politics/state/34116044.html,,2008-11-08 12:24:44,898,125,Minnesota Recount: Most Undervotes in Counties Won By Obama,niradg,US Elections 2008,World & Business
9421599,http://www.npr.org/templates/story/story.php?storyId=95954883,,2008-11-07 14:04:34,401,16,NPR: Language Mysteries Explained In 'Alphabet Juice',jaybol,Arts & Culture,Lifestyle
9440197,http://www.explosm.net/comics/1456/,,2008-11-09 01:02:38,907,42,Cy&H: I shot big foot!,d2002,Comics & Animation,Entertainment
9432019,http://sports.espn.go.com/espn/columns/story?columnist=wojciechowski_gene&id=3686532&sportCat=ncf,,2008-11-08 09:28:58,301,43,NCAA Football: Wishing Chaos on the BCS,jaybol,American & Canadian Football,Sports
9421961,http://www.zeropaid.com/news/9835/BitTorrent+President+Steps+Down,,2008-11-07 14:28:55,489,23,BitTorrent President Steps Down,nichesiteexpert,Tech Industry News,Technology
9435672,http://www.youtube.com/watch?v=P5_Msrdg3Hk,,2008-11-08 15:21:06,2117,173,Office Worker and The Black Hole,lazycat,Comedy,Offbeat
9426490,http://apod.nasa.gov/apod/ap081108.html,,2008-11-07 22:05:48,398,16,APOD:  On the Trail of 2008 TC3,SirPopper,Space,Science
9439833,http://www.darkandpink.com/?comic=20080325,,2008-11-09 00:13:02,1725,119,Why Dating Sucks [comic],d2002,Comics & Animation,Entertainment
9439816,http://www.hollywoodreporter.com/hr/content_display/technology/news/e3i1c948b676cbda86dae55df0ed506c175,,2008-11-09 00:10:55,387,42,Cameron's Next Blockbuster 'Avatar' is Going Big (IMAX 3-D),sungoddess808,Movies,Entertainment
,,,,,,,,,
9436905,http://news.cnet.com/8301-1009_3-10084938-83.html,,2008-11-08 17:47:53,483,89,Forensic Tool Detects Pornography In The Workplace,upick,Tech Industry News,Technology
9436252,http://www.flickr.com/photos/ericrolph/3010522725/sizes/l/,,2008-11-08 16:31:01,1546,74,Amazing shot of the atmosphere,d2002,Space,Science
9434545,http://www.aclu.org/safefree/torture/37721prs20081107.html,,2008-11-08 13:23:48,1444,197,Bush Adm Tries To Block Release Of Prisoner Abuse Photos ,jodimcmullen,World News,World & Business
9435671,http://i33.photobucket.com/albums/d57/b_gardenia/iran/Ahmadinejad_Wife.jpg,,2008-11-08 15:21:06,4011,663,Is Ahmadinejad's wife hotter than Palin?,muxaulo,People,Offbeat
9431784,http://arstechnica.com/journals/apple.ars/2008/11/07/iphone-wins-top-business-smartphone-satisfaction-marks,,2008-11-08 09:07:28,604,57,iPhone wins top business smartphone satisfaction marks,KaiserArny,Apple,Technology
9426575,http://www.technologyreview.com/energy/21643/?a=f,,2008-11-07 22:16:18,443,28,Smart Wind Turbines with Frick'n Lasers Increase Efficiency,oboy,Environment,Science
,,,,,,,,,
9435155,http://photo.net/photodb/photo?photo_id=7097973&size=lg,,2008-11-08 14:26:23,853,93,Beautiful Whale Blow,vroom101,General Sciences,Science
9432526,http://failblog.org/2008/11/08/promotional-fail/,,2008-11-08 10:12:22,1596,102,PromotionalFail,mattrelstab,Odd Stuff,Offbeat
9432432,http://money.cnn.com/2008/11/08/news/economy/opec.ap/index.htm,,2008-11-08 10:05:05,640,249,OPEC may cut oil output further,extravagant,Business & Finance,World & Business
9435119,http://gizmodo.com/5080688/android-bug-reboots-phone-every-time-you-type-reboot,,2008-11-08 14:23:15,970,166,Android Bug Reboots Phone Every Time You Type Reboot,insaincain02,Gadgets,Technology
9431824,http://photo.net/photodb/photo?photo_id=3064427,,2008-11-08 09:11:12,875,104,One Adult King Penguin Amidst A Sea Of Chicks,vroom101,Environment,Science
9427108,http://www.wired.com/science/space/multimedia/2008/11/gallery_reader_telescopes,,2008-11-07 23:21:13,464,22,Wired Readers' Most Excellent Telescope Photos (PICS),MrBabyMan,Space,Science
9430223,http://www.cracked.com/article_16772_white-ninja-gets-rabies.html,,2008-11-08 06:31:24,504,64,White Ninja Gets Rabies,insaincain02,Comics & Animation,Entertainment
9421949,http://www.gamasutra.com/view/feature/3843/the_philosophy_of_faith_a_.php?print=1,,2008-11-07 14:27:44,552,83,The Philosophy of Faith: A Mirror's Edge Interview,MakiMaki,Gaming Industry News,Gaming
9429462,http://www.dailymail.co.uk/sport/cricket/article-1083962/Aussie-spin-debutant-Krejza-cleans-Indians-amazing-wicket-haul-Nagpur.html,,2008-11-08 05:03:16,335,129,Aussie spin debutant Krejza cleans up Indians ,kevinlouis,Extreme,Sports
9429642,http://www.myscienceproject.org/j-shot.html?result,,2008-11-08 05:25:40,1486,100,The Ultimate Jell-O Shot - A Scientific Study ,doiveo,General Sciences,Science
9425220,http://afp.google.com/article/ALeqM5h_imjKUfz61aWKiTjo3DgsF6gskA,,2008-11-07 19:33:14,602,81,50 dead in Haitian grade-school collapse,KaiserArny,World News,World & Business
9435019,http://farm4.static.flickr.com/3206/3013067128_3014f9bc7a_o.jpg,,2008-11-08 14:12:10,5286,1044,The 2008 Electoral Map if only Young People Voted,gnocchi1442,Political News,World & Business
9432654,http://rawstory.com/news/2008/In_secret_agreement_Shell_nets_25year_1108.html,,2008-11-08 10:23:40,1114,126,Pentagon hands Shell 25-year monopoly on S. Iraq's gas,GonzoMuckraker,World News,World & Business
9428333,http://io9.com/5080334/new-terminator-4-video-shows-martin-laings-painterly-war-movie,,2008-11-08 02:02:59,1539,281,Terminator 4 Video Shows 10 New Terminators,louiebaur,Movies,Entertainment
9417078,http://assets.comics.com/dyn/str_strip/000000000/00000000/0000000/200000/60000/5000/400/265429/265429.full.gif,,2008-11-07 09:22:13,2933,490,The American Dream,7FluidAH,Comics & Animation,Entertainment
9420927,http://www.telegraph.co.uk/news/newstopics/uselection2008/barackobama/3400863/Barack-Obama-draws-on-Americas-economic-brains.html,,2008-11-07 13:21:30,1408,440,Barack Obama draws on America's economic brains ,lifeisgoooooood,Business & Finance,World & Business
9416472,http://www.theinformationparadox.com/2008/11/bitter-pill-for-netherlands.html,,2008-11-07 08:47:01,468,165,Bitter Pill for the Netherlands,julielynn1009,Health,Lifestyle
9416779,http://linux-watch.com/news/NS6023147333.html,,2008-11-07 09:05:22,1446,306,Microsoft breaks Hotmail for Linux users,gadgeek,Linux/Unix,Technology
9417122,http://www.gamespot.com/news/6200678.html,,2008-11-07 09:24:25,1308,327,Fallout 3 ships 4.7 million in first week,nomadspartan,Gaming Industry News,Gaming
9416058,http://abcnews.go.com/Business/Economy/story?id=6199501&page=1,,2008-11-07 08:21:23,706,178,1 Million Jobs Lost In 2008: America's Shrinking Payrol,upick,Business & Finance,World & Business
9423541,http://villageofjoy.com/50-strange-buildings-of-the-world/,,2008-11-07 16:38:08,2398,148,50 Strange Buildings of the World (Photos),ScottMcIntyre,Design,Technology
9421925,http://www.telegraph.co.uk/news/newstopics/howaboutthat/3397578/Passenger-space-travel-by-middle-of-next-decade.html,,2008-11-07 14:26:04,526,70,Passenger space travel 'by middle of next decade',domfosnz,Space,Science
9413046,http://www.physorg.com/news145215461.html,,2008-11-07 04:09:14,360,48,Government Seizes More Contaminated Heparin,sungoddess808,Health,Lifestyle
9423445,http://www.smashingapps.com/2008/11/07/15-free-tools-for-mac-os-x-you-should-bookmark.html,,2008-11-07 16:31:09,1020,56,15 Free Tools For Mac OS X You Should Bookmark,irfanmp,Apple,Technology
9414074,http://lifehacker.com/5078699/battle-of-the-iphone-task-managers,,2008-11-07 06:00:53,546,30,Battle of the iPhone Task Managers,bakkouz,Apple,Technology
9425640,http://www.lukesurl.com/archives/198?retry,,2008-11-07 20:28:31,2545,204,Presidental Cheat Codes [Comic],Rekzai,Comics & Animation,Entertainment
9422569,http://therapup.uproxx.com/2008/11/if-wu-tang-members-were-nba-players.html,,2008-11-07 15:13:13,484,73,If Wu-Tang Members Were NBA Players,Rizoh,Basketball,Sports
9418806,http://space.newscientist.com/article/dn15155-plucky-mars-rovers-on-the-move-again.html,,2008-11-07 11:00:59,576,49,Plucky Mars Rovers On The Move Again,RedIbisMocks,Space,Science
9419081,http://www.popularmechanics.com/technology/industry/4290600.html,,2008-11-07 11:17:11,647,82,How Gears of War 2 Raises the Bar for Military Simulators,bluenile,Gaming Industry News,Gaming
9412031,http://www.businessweek.com/technology/content/nov2008/tc2008117_806997.htm?chan=top+news_top+news+index+-+temp_news+%2B+analysis,,2008-11-07 02:19:44,441,26,Building a Better Twitter,lifeisgoooooood,Tech Industry News,Technology
9396766,http://www.ridelust.com/top-ten-favorite-cars-of-retirees-aka-top-ten-cars-to-avoid-on-the-road/,,2008-11-06 07:44:32,831,171,Top Ten Cars To Avoid On The Road,TalSiach,Autos,Lifestyle
9412409,http://sportsillustrated.cnn.com/multimedia/photo_gallery/0811/presidents.on.si.covers/content.1.html,,2008-11-07 02:59:34,409,37,Presidents on the Cover of Sports Illustrated (PICS),jaybol,Other Sports,Sports
9415456,http://blog.wired.com/underwire/2008/11/oxford-research.html,,2008-11-07 07:41:57,763,230,Oxford Researchers List Top 10 Most Annoying Phrases,irfanmp,Educational,Lifestyle
9419469,http://www.dailygalaxy.com/my_weblog/2008/11/are-we-doing-en.html,,2008-11-07 11:43:39,406,69,Are We Doing Enough to Protect the Earth's Ozone Layer?,Bukowsky,Environment,Science
9422193,http://www.flickr.com/photos/heilemann/sets/72157594429862991/,,2008-11-07 14:45:49,1015,55,Early Star Wars Storyboards (PICS),MrBabyMan,Movies,Entertainment
9423036,http://jalopnik.com/5079498/neil-youngs-lincvolt-an-all+electric-1959-lincoln-continental-mark-iv-convertible,,2008-11-07 15:53:24,334,17,Lincvolt: An Electric 1959 Lincoln Continental Convertible,nichesiteexpert,Autos,Lifestyle
9423435,http://straightcashhomey.net/post/58316210/rae-carruth-carolina-panthers-id-murder,,2008-11-07 16:30:16,444,67,Worst Throwback Jersey Ever,HeDiggMe,American & Canadian Football,Sports
9404864,http://www.nbcwashington.com/news/local/The_First_Dog_Bites_Reporter.html,,2008-11-06 15:12:57,714,119,Even Bush's Dog Hates Reporters,bixby1,Pets & Animals,Offbeat
9410288,http://www.upi.com/Odd_News/2008/11/07/Free_prosthetic_penises_strictly_flaccid/UPI-80211226037269/,,2008-11-06 23:13:22,561,150,Sweden Gives Away Free Prosthetic Penises,Burento,Odd Stuff,Offbeat
9408230,http://pickleddrawings.blogspot.com/2005/11/eric-wiese.html,,2008-11-06 20:01:57,1126,112,Bunny vs. Simpson (PIC),MrBabyMan,Comics & Animation,Entertainment
,,,,,,,,,
,,,,,,,,,
9414552,http://www.guardian.co.uk/film/2008/nov/07/spielberg-smith-oldboy-remake,,2008-11-07 06:43:24,730,308, Spielberg and Smith plot Oldboy remake,chemicalsynapse,Movies,Entertainment
9409638,http://vectortuts.com/articles/web-roundups/60-free-vector-graphics-for-digital-art-pros/,,2008-11-06 22:12:52,1054,29,60 Free Vector Graphics for Digital Art Pros,msaleem,Design,Technology
9420241,http://www.doubleviking.com/videos/page0.html/obama-was-obviously-not-the-first-black-president-10531.html,,2008-11-07 12:29:36,1256,107,Richard Pryor: The First Black President (Vid),bixby1,Comedy,Offbeat
9417156,http://apod.nasa.gov/apod/ap060323.html,,2008-11-07 09:26:05,1423,235,Inflating the Universe  ,erichh,Space,Science
9422076,http://techcityinc.com/2008/11/07/30-firefox-add-ons-to-do-just-about-anything/,,2008-11-07 14:37:09,1184,71,30 Firefox Add-Ons To Do Just About Anything,irfanmp,Mods,Technology
9405348,http://blogs.computerworld.com/wheres_my_xxxxx_cell_phone,,2008-11-06 15:44:32,534,70,Where's My Digg Phone?,mikelgan,Gadgets,Technology
9413083,http://www.itvnews.tv/blog/54/5981,,2008-11-07 04:14:16,583,59,Scientists Can Regenerate Body Parts Bionically,kevinlouis,General Sciences,Science
9413817,http://gizmodo.com/5079259/google-seals-up-android-jailbreak-in-automatic-update,,2008-11-07 05:32:33,578,55,Google Seals Up Android 'Jailbreak' in Automatic Update,pirlok,Tech Industry News,Technology
9410381,http://i36.tinypic.com/34fl94j.jpg,,2008-11-06 23:21:11,1441,202,Dogbert Explains Hybrid Cars,d2002,Comics & Animation,Entertainment
9400658,http://www.tgdaily.com/content/view/40075/140/,,2008-11-06 11:11:08,561,39,Blu-ray Disc ripper for BD-Live titles released,MarkusX,Software,Technology
9419505,http://ngm.nationalgeographic.com/wallpaper/img/2008/11/nov08-03-1280.jpg,,2008-11-07 11:45:34,1182,95,Chillin' [PIC],gamebittk,Pets & Animals,Offbeat
9416131,http://sports.espn.go.com/mlb/news/story?id=3687712,,2008-11-07 08:26:08,276,29,ESPN: 'Zero chance' for Mark Cuban to own Chicago Cubs,anderzole,Baseball,Sports
9414884,http://dev.emcelettronica.com/oled-tv-general-survey,,2008-11-07 07:06:15,664,46,What You Didn't Know About OLED Technology,upick,Hardware,Technology
9393648,http://www.theglobeandmail.com/servlet/story/RTGAM.20081106.wrussputin1106/BNStory/International/,,2008-11-06 03:06:30,740,141,Putin may return to presidency in 2009,KaiserArny,World News,World & Business
9406716,http://arstechnica.com/journals/linux.ars/2008/11/06/songbird-1-0-release-candidate-now-available,,2008-11-06 17:41:41,662,124,Songbird gets ready to fly with 1.0 release candidate,toe_head2001,Software,Technology
9419202,http://news.yahoo.com/s/newsarama/20081107/en_newsarama/the5mostscientificallyplausiblescifimovies,,2008-11-07 11:24:22,629,149,The 5 Most Scientifically Plausible Sci-Fi Movies,thegamingguy,General Sciences,Science
9411634,http://www.dailymail.co.uk/health/article-1083785/Babies-play-strangely-toys-likely-develop-autism.html,,2008-11-07 01:39:07,359,68,Babies who play strangely 'more likely to develop autism',DigSomeMore,Health,Lifestyle
9413738,http://sports.espn.go.com/nba/news/story?id=3685154,,2008-11-07 05:25:53,578,151,Lebron James: Obama Means You Can Be More Than an Athlete,badwithcomputer,Basketball,Sports
9400845,http://www.popularmechanics.com/automotive/reader_rides/4290400.html?nav=rss20,,2008-11-06 11:20:03,445,38,Top 12 Coolest Cars at the 2008 SEMA Show,Sh0rtstak,Autos,Lifestyle
9420872,http://sports.espn.go.com/nfl/news/story?id=3688600&campaign=rss&source=ESPNHeadlines,,2008-11-07 13:17:34,256,18,Ex-Raiders DeAngelo Hall Agrees with Redskins on 1-yr Deal,Sh0rtstak,American & Canadian Football,Sports
9406127,http://www.gamasutra.com/view/feature/3841/the_mushroom_growth_plan_inside_.php,,2008-11-06 16:47:16,329,48,The Mushroom Growth Plan: Inside Nintendo's Numbers,GamingForever,Nintendo,Gaming
9414422,http://www.abcnews.go.com/Blotter/story?id=6201900&page=1,,2008-11-07 06:33:26,2131,623,Emanuel Was Director Of Freddie Mac During Scandal,mag3b,Political News,World & Business
9403029,http://www.holytaco.com/movie-mash-ups-wed-see,,2008-11-06 13:16:51,470,53,Movie Mash-Ups We'd Like To See,MrBabyMan,Movies,Entertainment
9400864,http://www.law.com/jsp/article.jsp?id=1202425826464,,2008-11-06 11:20:49,870,126,Man Sues To Stop His Own Autopsy!,trentmonica,Odd Stuff,Offbeat
9411670,http://www.hollywoodreporter.com/hr/content_display/news/e3i798ea20fcf86512a5337b0dc159de5d5,,2008-11-07 01:43:22,368,30,Steve Carell Could Make 'Beaver' Speak,sungoddess808,Movies,Entertainment
9414952,http://www.cracked.com/blog/the-7-deadly-sins-of-online-gaming,,2008-11-07 07:10:49,1294,157,The 7 Deadly Sins of Online Gaming,louiebaur,Comedy,Offbeat
9412156,http://www.dailymail.co.uk/news/worldnews/article-1083788/Pictured-The-theme-parks-cage-death-drops-tourists-crocodiles-lair.html,,2008-11-07 02:32:42,706,82,Theme park's 'cage of death' drops tourists in with crocs,ScottMcIntyre,Travel & Places,Lifestyle
9408357,http://blog.wired.com/27bstroke6/2008/11/extortion-plot.html,,2008-11-06 20:14:34,289,16,Extortion Plot Threatens to Divulge Millions of Patients' Pr,bluenile,Health,Lifestyle
9418810,http://techyshit.com/10-computer-ads-from-the-80s/,,2008-11-07 11:01:19,1447,186,10 Computer Ads From The 80s,SpillReviews,Tech Industry News,Technology
9411600,http://www.iht.com/articles/2008/11/06/business/ptpogue06.php,,2008-11-07 01:35:21,694,71,Pocket projector shows the magic of miniaturization,doiveo,Gadgets,Technology
9415963,http://photoshopdisasters.blogspot.com/2008/11/some-magazine-thigh-anxiety.html,,2008-11-07 08:15:27,3077,202,Photoshop Disaster: Modular Thigh,gamebittk,Design,Technology
9410063,http://www.pcworld.com/businesscenter/article/153391/lg_japan_shows_off_phone_design_concept_winners.html,,2008-11-06 22:49:18,399,16,LG Japan Shows off Phone Design Concept Winners,kevinlouis,Design,Technology
9402730,http://www.techradar.com/news/computing/will-the-internet-always-be-anonymous--482519,,2008-11-06 12:59:59,886,147,Anonymous internet use? It's totally over,SirPopper,Tech Industry News,Technology
9414218,http://inventorspot.com/articles/political_gamers_play_on_super_obama_world_19406,,2008-11-07 06:15:31,608,66,Political Gamers Play On at Super Obama World,WordsnCollision,Playable Web Games,Gaming
9409098,http://www.asylum.com/2008/11/06/porn-star-belladonna-tells-you-how-to-make-a-porno/,,2008-11-06 21:24:33,830,141,Porn Star Belladonna Tells You How to 'Make a Porno',casspa,Odd Stuff,Offbeat
9408320,http://arstechnica.com/journals/linux.ars/2008/11/06/creative-releases-linux-x-fi-driver-under-the-gpl,,2008-11-06 20:10:46,732,98,Creative releases Linux X-Fi driver under the GPL,Jerky1312,Linux/Unix,Technology
